#GENE_SYMBOL	ENTREZ_GENE_ID	EXOMISER_GENE_PHENO_SCORE	EXOMISER_GENE_VARIANT_SCORE	EXOMISER_GENE_COMBINED_SCORE	HUMAN_PHENO_SCORE	MOUSE_PHENO_SCORE	FISH_PHENO_SCORE	WALKER_SCORE	PHIVE_ALL_SPECIES_SCORE	OMIM_SCORE	MATCHES_CANDIDATE_GENE	HUMAN_PHENO_EVIDENCE	MOUSE_PHENO_EVIDENCE	FISH_PHENO_EVIDENCE	HUMAN_PPI_EVIDENCE	MOUSE_PPI_EVIDENCE	FISH_PPI_EVIDENCE
FGFR2	2263	1.0000	0.6000	0.9892	0.0000	0.0000	0.0000	0.0000	0.0000	1.0000	0	
NOTCH2	4853	0.7175	0.9858	0.9134	0.0000	0.0000	0.0000	0.0000	0.0000	1.0000	0	
COL2A1	1280	1.0000	0.0000	0.8871	0.0000	0.0000	0.0000	0.0000	0.0000	1.0000	0	
MYH3	4621	0.7899	0.6000	0.8503	0.0000	0.0000	0.0000	0.0000	0.0000	1.0000	0	
RAI1	10743	0.5848	0.8500	0.5118	0.0000	0.0000	0.0000	0.0000	0.0000	1.0000	0	
COL11A1	1301	0.7175	0.0000	0.1580	0.0000	0.0000	0.0000	0.0000	0.0000	1.0000	0	
FLNB	2317	0.7083	0.0000	0.1425	0.0000	0.0000	0.0000	0.0000	0.0000	1.0000	0	
EHMT1	79813	0.4955	0.6000	0.1039	0.0000	0.0000	0.0000	0.0000	0.0000	1.0000	0	
FREM2	341640	0.4656	0.5967	0.0715	0.0000	0.0000	0.0000	0.0000	0.0000	1.0000	0	
FANCD2	2177	0.3377	1.0000	0.0687	0.0000	0.0000	0.0000	0.0000	0.0000	0.5000	0	
TNXB	7148	0.4575	0.6000	0.0656	0.0000	0.0000	0.0000	0.0000	0.0000	1.0000	0	
DNM2	1785	0.4239	0.6000	0.0431	0.0000	0.0000	0.0000	0.0000	0.0000	1.0000	0	
TTN	7273	0.4239	0.5938	0.0420	0.0000	0.0000	0.0000	0.0000	0.0000	1.0000	0	
FBN1	2200	0.5848	0.0000	0.0315	0.0000	0.0000	0.0000	0.0000	0.0000	1.0000	0	
HDAC4	9759	0.5581	0.0000	0.0223	0.0000	0.0000	0.0000	0.0000	0.0000	1.0000	0	
BUB1B	701	0.5487	0.0000	0.0198	0.0000	0.0000	0.0000	0.0000	0.0000	1.0000	0	
KIF11	3832	0.5376	0.0000	0.0171	0.0000	0.0000	0.0000	0.0000	0.0000	1.0000	0	
CHRNA1	1134	0.5252	0.0000	0.0146	0.0000	0.0000	0.0000	0.0000	0.0000	1.0000	0	
GNAS	2778	0.5162	0.0000	0.0129	0.0000	0.0000	0.0000	0.0000	0.0000	1.0000	0	
ANTXR1	84168	0.4835	0.0000	0.0084	0.0000	0.0000	0.0000	0.0000	0.0000	1.0000	0	
HLA-DRB1	3123	0.2916	0.6000	0.0078	0.0000	0.0000	0.0000	0.0000	0.0000	1.0000	0	
COL4A1	1282	0.2916	0.5984	0.0077	0.0000	0.0000	0.0000	0.0000	0.0000	1.0000	0	
GRIP1	23426	0.4656	0.0000	0.0067	0.0000	0.0000	0.0000	0.0000	0.0000	1.0000	0	
EP300	2033	0.4467	0.0000	0.0052	0.0000	0.0000	0.0000	0.0000	0.0000	1.0000	0	
CRX	1406	0.2458	0.6000	0.0043	0.0000	0.0000	0.0000	0.0000	0.0000	1.0000	0	
ACTA1	58	0.4239	0.0000	0.0039	0.0000	0.0000	0.0000	0.0000	0.0000	1.0000	0	
SLC52A3	113278	0.2313	0.5915	0.0034	0.0000	0.0000	0.0000	0.0000	0.0000	0.5000	0	
SETX	23064	0.2127	0.5994	0.0027	0.0000	0.0000	0.0000	0.0000	0.0000	1.0000	0	
NLRP3	114548	0.3928	0.0000	0.0026	0.0000	0.0000	0.0000	0.0000	0.0000	1.0000	0	
KRT4	3851	0.0820	1.0000	0.0025	0.0000	0.0000	0.0000	0.0000	0.0000	1.0000	0	
ENPP1	5167	0.0706	1.0000	0.0022	0.0000	0.0000	0.0000	0.0000	0.0000	1.0000	0	
SNAI2	6591	0.3782	0.0000	0.0021	0.0000	0.0000	0.0000	0.0000	0.0000	1.0000	0	
LAMA3	3909	0.1831	0.5967	0.0018	0.0000	0.0000	0.0000	0.0000	0.0000	0.5000	0	
COL17A1	1308	0.3661	0.0000	0.0018	0.0000	0.0000	0.0000	0.0000	0.0000	1.0000	0	
RP1L1	94137	0.1783	0.6000	0.0017	0.0000	0.0000	0.0000	0.0000	0.0000	1.0000	0	
KRT74	121391	0.1783	0.5950	0.0017	0.0000	0.0000	0.0000	0.0000	0.0000	1.0000	0	
C8orf37	157657	0.1701	0.5915	0.0015	0.0000	0.0000	0.0000	0.0000	0.0000	0.5000	0	
ALMS1	7840	0.1651	0.6000	0.0015	0.0000	0.0000	0.0000	0.0000	0.0000	0.5000	0	
TBCE	6905	0.1651	0.6000	0.0015	0.0000	0.0000	0.0000	0.0000	0.0000	0.5000	0	
DST	667	0.1651	0.5957	0.0014	0.0000	0.0000	0.0000	0.0000	0.0000	0.5000	0	
POLE	5426	0.3415	0.0000	0.0013	0.0000	0.0000	0.0000	0.0000	0.0000	1.0000	0	
VPS13B	157680	0.3407	0.0000	0.0013	0.0000	0.0000	0.0000	0.0000	0.0000	0.5000	0	
MEGF8	1954	0.3379	0.0000	0.0012	0.0000	0.0000	0.0000	0.0000	0.0000	0.5000	0	
NIN	51199	0.1518	0.5994	0.0012	0.0000	0.0000	0.0000	0.0000	0.0000	0.5000	0	
SYNE1	23345	0.0690	0.8500	0.0011	0.0000	0.0000	0.0000	0.0000	0.0000	1.0000	0	
TSC1	7248	0.3300	0.0000	0.0011	0.0000	0.0000	0.0000	0.0000	0.0000	1.0000	0	
DEC1	50514	0.1365	0.6000	0.0010	0.0000	0.0000	0.0000	0.0000	0.0000	1.0000	0	
DYRK1A	1859	0.3135	0.0000	0.0009	0.0000	0.0000	0.0000	0.0000	0.0000	1.0000	0	
RPGRIP1	57096	0.3125	0.0000	0.0009	0.0000	0.0000	0.0000	0.0000	0.0000	0.5000	0	
HLA-A	3105	0.0032	1.0000	0.0009	0.0000	0.0000	0.0000	0.0000	0.0000	1.0000	0	
SPTA1	6708	0.0032	1.0000	0.0009	0.0000	0.0000	0.0000	0.0000	0.0000	1.0000	0	
A2ML1	144568	0.0000	1.0000	0.0008	0.0000	0.0000	0.0000	0.0000	0.0000	1.0000	0	
ADCY10	55811	0.0000	1.0000	0.0008	0.0000	0.0000	0.0000	0.0000	0.0000	1.0000	0	
AKR1C7P	648947	0.0000	1.0000	0.0008	0.0000	0.0000	0.0000	0.0000	0.0000	1.0000	0	
ANAPC1	64682	0.0000	1.0000	0.0008	0.0000	0.0000	0.0000	0.0000	0.0000	1.0000	0	
ANGPT1	284	0.0000	1.0000	0.0008	0.0000	0.0000	0.0000	0.0000	0.0000	1.0000	0	
ANKRD36	375248	0.0000	1.0000	0.0008	0.0000	0.0000	0.0000	0.0000	0.0000	1.0000	0	
BAGE2	85319	0.0000	1.0000	0.0008	0.0000	0.0000	0.0000	0.0000	0.0000	1.0000	0	
BAIAP2L1	55971	0.0000	1.0000	0.0008	0.0000	0.0000	0.0000	0.0000	0.0000	1.0000	0	
BDKRB1	623	0.0000	1.0000	0.0008	0.0000	0.0000	0.0000	0.0000	0.0000	1.0000	0	
BMS1P8	653557	0.0000	1.0000	0.0008	0.0000	0.0000	0.0000	0.0000	0.0000	1.0000	0	
CAPN1	823	0.0000	1.0000	0.0008	0.0000	0.0000	0.0000	0.0000	0.0000	0.5000	0	
CCDC66	285331	0.0000	1.0000	0.0008	0.0000	0.0000	0.0000	0.0000	0.0000	1.0000	0	
CD163L1	283316	0.0000	1.0000	0.0008	0.0000	0.0000	0.0000	0.0000	0.0000	1.0000	0	
CDC27	996	0.0000	1.0000	0.0008	0.0000	0.0000	0.0000	0.0000	0.0000	1.0000	0	
CDK11A	728642	0.0000	1.0000	0.0008	0.0000	0.0000	0.0000	0.0000	0.0000	1.0000	0	
DDX56	54606	0.0000	1.0000	0.0008	0.0000	0.0000	0.0000	0.0000	0.0000	1.0000	0	
FAM218A	152756	0.0000	1.0000	0.0008	0.0000	0.0000	0.0000	0.0000	0.0000	1.0000	0	
FRG1BP	284802	0.0000	1.0000	0.0008	0.0000	0.0000	0.0000	0.0000	0.0000	1.0000	0	
FRG1JP	642236	0.0000	1.0000	0.0008	0.0000	0.0000	0.0000	0.0000	0.0000	1.0000	0	
HERC2	8924	0.0000	1.0000	0.0008	0.0000	0.0000	0.0000	0.0000	0.0000	0.5000	0	
HERC2P4	100289574	0.0000	1.0000	0.0008	0.0000	0.0000	0.0000	0.0000	0.0000	1.0000	0	
IGHV3-38	28429	0.0000	1.0000	0.0008	0.0000	0.0000	0.0000	0.0000	0.0000	1.0000	0	
IGHV4-39	28394	0.0000	1.0000	0.0008	0.0000	0.0000	0.0000	0.0000	0.0000	1.0000	0	
IL32	9235	0.0000	1.0000	0.0008	0.0000	0.0000	0.0000	0.0000	0.0000	1.0000	0	
ITGB8	3696	0.0000	1.0000	0.0008	0.0000	0.0000	0.0000	0.0000	0.0000	1.0000	0	
KCNH1	3756	0.0000	1.0000	0.0008	0.0000	0.0000	0.0000	0.0000	0.0000	1.0000	0	
KMT2C	58508	0.0000	1.0000	0.0008	0.0000	0.0000	0.0000	0.0000	0.0000	1.0000	0	
LCMT1	51451	0.0000	1.0000	0.0008	0.0000	0.0000	0.0000	0.0000	0.0000	1.0000	0	
LRRC37A16P	651250	0.0000	1.0000	0.0008	0.0000	0.0000	0.0000	0.0000	0.0000	1.0000	0	
MAP2K3	5606	0.0000	1.0000	0.0008	0.0000	0.0000	0.0000	0.0000	0.0000	1.0000	0	
MAP3K6	9064	0.0000	1.0000	0.0008	0.0000	0.0000	0.0000	0.0000	0.0000	1.0000	0	
METTL22	79091	0.0000	1.0000	0.0008	0.0000	0.0000	0.0000	0.0000	0.0000	1.0000	0	
MOXD1	26002	0.0000	1.0000	0.0008	0.0000	0.0000	0.0000	0.0000	0.0000	1.0000	0	
MST1	4485	0.0000	1.0000	0.0008	0.0000	0.0000	0.0000	0.0000	0.0000	1.0000	0	
MST1L	11223	0.0000	1.0000	0.0008	0.0000	0.0000	0.0000	0.0000	0.0000	1.0000	0	
MST1P2	11209	0.0000	1.0000	0.0008	0.0000	0.0000	0.0000	0.0000	0.0000	1.0000	0	
MUC16	94025	0.0000	1.0000	0.0008	0.0000	0.0000	0.0000	0.0000	0.0000	1.0000	0	
MUC20	200958	0.0000	1.0000	0.0008	0.0000	0.0000	0.0000	0.0000	0.0000	1.0000	0	
MUC3A	-1	0.0000	1.0000	0.0008	0.0000	0.0000	0.0000	0.0000	0.0000	1.0000	0	
MUC6	4588	0.0000	1.0000	0.0008	0.0000	0.0000	0.0000	0.0000	0.0000	1.0000	0	
NBEAP1	606	0.0000	1.0000	0.0008	0.0000	0.0000	0.0000	0.0000	0.0000	1.0000	0	
NEBL	10529	0.0000	1.0000	0.0008	0.0000	0.0000	0.0000	0.0000	0.0000	1.0000	0	
NF1P6	644637	0.0000	1.0000	0.0008	0.0000	0.0000	0.0000	0.0000	0.0000	1.0000	0	
NRAP	4892	0.0000	1.0000	0.0008	0.0000	0.0000	0.0000	0.0000	0.0000	1.0000	0	
OR4C3	256144	0.0000	1.0000	0.0008	0.0000	0.0000	0.0000	0.0000	0.0000	1.0000	0	
PABPC1	26986	0.0000	1.0000	0.0008	0.0000	0.0000	0.0000	0.0000	0.0000	1.0000	0	
PBRM1	55193	0.0000	1.0000	0.0008	0.0000	0.0000	0.0000	0.0000	0.0000	1.0000	0	
PDE4DIP	9659	0.0000	1.0000	0.0008	0.0000	0.0000	0.0000	0.0000	0.0000	1.0000	0	
PKM	5315	0.0000	1.0000	0.0008	0.0000	0.0000	0.0000	0.0000	0.0000	1.0000	0	
PMVK	10654	0.0000	1.0000	0.0008	0.0000	0.0000	0.0000	0.0000	0.0000	1.0000	0	
POLR3C	10623	0.0000	1.0000	0.0008	0.0000	0.0000	0.0000	0.0000	0.0000	1.0000	0	
PRIM2	5558	0.0000	1.0000	0.0008	0.0000	0.0000	0.0000	0.0000	0.0000	1.0000	0	
PRSS3P2	154754	0.0000	1.0000	0.0008	0.0000	0.0000	0.0000	0.0000	0.0000	1.0000	0	
RBM23	55147	0.0000	1.0000	0.0008	0.0000	0.0000	0.0000	0.0000	0.0000	1.0000	0	
RP11-24M17.5	-1	0.0000	1.0000	0.0008	0.0000	0.0000	0.0000	0.0000	0.0000	1.0000	0	
RP11-293B20.2	-1	0.0000	1.0000	0.0008	0.0000	0.0000	0.0000	0.0000	0.0000	1.0000	0	
RP11-492D6.3	-1	0.0000	1.0000	0.0008	0.0000	0.0000	0.0000	0.0000	0.0000	1.0000	0	
RP11-626K17.5	-1	0.0000	1.0000	0.0008	0.0000	0.0000	0.0000	0.0000	0.0000	1.0000	0	
RP11-652G5.1	-1	0.0000	1.0000	0.0008	0.0000	0.0000	0.0000	0.0000	0.0000	1.0000	0	
SDHAP2	727956	0.0000	1.0000	0.0008	0.0000	0.0000	0.0000	0.0000	0.0000	1.0000	0	
SLAMF8	56833	0.0000	1.0000	0.0008	0.0000	0.0000	0.0000	0.0000	0.0000	1.0000	0	
SLC26A6	65010	0.0000	1.0000	0.0008	0.0000	0.0000	0.0000	0.0000	0.0000	1.0000	0	
SPAG11A	653423	0.0000	1.0000	0.0008	0.0000	0.0000	0.0000	0.0000	0.0000	1.0000	0	
SVIL	6840	0.0000	1.0000	0.0008	0.0000	0.0000	0.0000	0.0000	0.0000	1.0000	0	
TJP1	7082	0.0000	1.0000	0.0008	0.0000	0.0000	0.0000	0.0000	0.0000	1.0000	0	
TPTE	7179	0.0000	1.0000	0.0008	0.0000	0.0000	0.0000	0.0000	0.0000	1.0000	0	
TPTE2	93492	0.0000	1.0000	0.0008	0.0000	0.0000	0.0000	0.0000	0.0000	1.0000	0	
TUBB8P12	260334	0.0000	1.0000	0.0008	0.0000	0.0000	0.0000	0.0000	0.0000	1.0000	0	
ZNF33A	7581	0.0000	1.0000	0.0008	0.0000	0.0000	0.0000	0.0000	0.0000	1.0000	0	
ZNF675	171392	0.0000	1.0000	0.0008	0.0000	0.0000	0.0000	0.0000	0.0000	1.0000	0	
ZNF692	55657	0.0000	1.0000	0.0008	0.0000	0.0000	0.0000	0.0000	0.0000	1.0000	0	
ZNF806	646915	0.0000	1.0000	0.0008	0.0000	0.0000	0.0000	0.0000	0.0000	1.0000	0	
PRKAG3	53632	0.0000	0.9990	0.0008	0.0000	0.0000	0.0000	0.0000	0.0000	1.0000	0	
STKLD1	169436	0.0000	0.9990	0.0008	0.0000	0.0000	0.0000	0.0000	0.0000	1.0000	0	
FAM228A	653140	0.0000	0.9988	0.0008	0.0000	0.0000	0.0000	0.0000	0.0000	1.0000	0	
COLEC11	78989	0.3085	0.0000	0.0008	0.0000	0.0000	0.0000	0.0000	0.0000	0.5000	0	
ECPAS	23392	0.0000	0.9973	0.0008	0.0000	0.0000	0.0000	0.0000	0.0000	1.0000	0	
GABRG1	2565	0.0000	0.9973	0.0008	0.0000	0.0000	0.0000	0.0000	0.0000	1.0000	0	
HLA-J	3137	0.0000	0.9973	0.0008	0.0000	0.0000	0.0000	0.0000	0.0000	1.0000	0	
SLC15A4	121260	0.0000	0.9973	0.0008	0.0000	0.0000	0.0000	0.0000	0.0000	1.0000	0	
ZNF366	167465	0.0000	0.9973	0.0008	0.0000	0.0000	0.0000	0.0000	0.0000	1.0000	0	
AK9	221264	0.0000	0.9945	0.0008	0.0000	0.0000	0.0000	0.0000	0.0000	1.0000	0	
SELENOO	83642	0.0000	0.9919	0.0008	0.0000	0.0000	0.0000	0.0000	0.0000	1.0000	0	
PSG11	5680	0.0000	0.9916	0.0008	0.0000	0.0000	0.0000	0.0000	0.0000	1.0000	0	
ZP3	7784	0.0000	0.9911	0.0008	0.0000	0.0000	0.0000	0.0000	0.0000	1.0000	0	
SETD3	84193	0.0000	0.9892	0.0008	0.0000	0.0000	0.0000	0.0000	0.0000	1.0000	0	
LIPG	9388	0.0000	0.9887	0.0008	0.0000	0.0000	0.0000	0.0000	0.0000	1.0000	0	
MTA1	9112	0.0000	0.9887	0.0008	0.0000	0.0000	0.0000	0.0000	0.0000	1.0000	0	
SLC9B1P3	100421008	0.0000	0.9858	0.0008	0.0000	0.0000	0.0000	0.0000	0.0000	1.0000	0	
EIF2B2	8892	0.1172	0.6000	0.0008	0.0000	0.0000	0.0000	0.0000	0.0000	0.5000	0	
B3GLCT	145173	0.2990	0.0000	0.0007	0.0000	0.0000	0.0000	0.0000	0.0000	0.5000	0	
ZNF335	63925	0.1095	0.6000	0.0007	0.0000	0.0000	0.0000	0.0000	0.0000	0.5000	0	
CCBE1	147372	0.2924	0.0000	0.0007	0.0000	0.0000	0.0000	0.0000	0.0000	0.5000	0	
PDGFRB	5159	0.2916	0.0000	0.0007	0.0000	0.0000	0.0000	0.0000	0.0000	1.0000	0	
SUMF1	285362	0.2715	0.0000	0.0005	0.0000	0.0000	0.0000	0.0000	0.0000	0.5000	0	
FAM46A	55603	0.0000	0.8500	0.0005	0.0000	0.0000	0.0000	0.0000	0.0000	1.0000	0	
FARP2	9855	0.0000	0.8500	0.0005	0.0000	0.0000	0.0000	0.0000	0.0000	1.0000	0	
GAS8-AS1	750	0.0000	0.8500	0.0005	0.0000	0.0000	0.0000	0.0000	0.0000	1.0000	0	
GPRIN2	9721	0.0000	0.8500	0.0005	0.0000	0.0000	0.0000	0.0000	0.0000	1.0000	0	
KCNJ12	3768	0.0000	0.8500	0.0005	0.0000	0.0000	0.0000	0.0000	0.0000	1.0000	0	
KRTAP5-7	440050	0.0000	0.8500	0.0005	0.0000	0.0000	0.0000	0.0000	0.0000	1.0000	0	
MPRIP	23164	0.0000	0.8500	0.0005	0.0000	0.0000	0.0000	0.0000	0.0000	1.0000	0	
NOP9	161424	0.0000	0.8500	0.0005	0.0000	0.0000	0.0000	0.0000	0.0000	1.0000	0	
PRB4	5545	0.0000	0.8500	0.0005	0.0000	0.0000	0.0000	0.0000	0.0000	1.0000	0	
TRAK1	22906	0.0000	0.8500	0.0005	0.0000	0.0000	0.0000	0.0000	0.0000	1.0000	0	
VEZF1	7716	0.0000	0.8500	0.0005	0.0000	0.0000	0.0000	0.0000	0.0000	1.0000	0	
DNAAF3	352909	0.0747	0.6000	0.0004	0.0000	0.0000	0.0000	0.0000	0.0000	0.5000	0	
CRYGB	1419	0.0728	0.5984	0.0004	0.0000	0.0000	0.0000	0.0000	0.0000	1.0000	0	
AXIN1	8312	0.0706	0.6000	0.0004	0.0000	0.0000	0.0000	0.0000	0.0000	1.0000	0	
CES1	1066	0.0706	0.6000	0.0004	0.0000	0.0000	0.0000	0.0000	0.0000	1.0000	0	
PRSS1	5644	0.0680	0.6000	0.0004	0.0000	0.0000	0.0000	0.0000	0.0000	1.0000	0	
NALCN	259232	0.2458	0.0000	0.0004	0.0000	0.0000	0.0000	0.0000	0.0000	1.0000	0	
SCN4A	6329	0.2458	0.0000	0.0004	0.0000	0.0000	0.0000	0.0000	0.0000	1.0000	0	
SBF1	6305	0.0582	0.5948	0.0004	0.0000	0.0000	0.0000	0.0000	0.0000	0.5000	0	
SLC2A1	6513	0.2344	0.0000	0.0003	0.0000	0.0000	0.0000	0.0000	0.0000	1.0000	0	
PHGDH	26227	0.2271	0.0000	0.0003	0.0000	0.0000	0.0000	0.0000	0.0000	0.5000	0	
SLCO1B3	28234	0.0340	0.6000	0.0003	0.0000	0.0000	0.0000	0.0000	0.0000	0.5000	0	
DYNC2H1	79659	0.2194	0.0000	0.0003	0.0000	0.0000	0.0000	0.0000	0.0000	0.5000	0	
FRG1	2483	0.2191	0.0000	0.0003	0.0000	0.0000	0.0000	0.0000	0.0000	1.0000	0	
THRB	7068	0.2191	0.0000	0.0003	0.0000	0.0000	0.0000	0.0000	0.0000	1.0000	0	
LRP2	4036	0.2189	0.0000	0.0003	0.0000	0.0000	0.0000	0.0000	0.0000	0.5000	0	
ERCC2	2068	0.1964	0.0000	0.0002	0.0000	0.0000	0.0000	0.0000	0.0000	0.5000	0	
COG7	91949	0.0032	0.6000	0.0002	0.0000	0.0000	0.0000	0.0000	0.0000	1.0000	0	
HNF1A	6927	0.0032	0.6000	0.0002	0.0000	0.0000	0.0000	0.0000	0.0000	1.0000	0	
OPLAH	26873	0.0032	0.6000	0.0002	0.0000	0.0000	0.0000	0.0000	0.0000	1.0000	0	
ROBO2	6092	0.0032	0.6000	0.0002	0.0000	0.0000	0.0000	0.0000	0.0000	1.0000	0	
SFTPA1	653509	0.0032	0.6000	0.0002	0.0000	0.0000	0.0000	0.0000	0.0000	1.0000	0	
TOP2A	7153	0.0032	0.6000	0.0002	0.0000	0.0000	0.0000	0.0000	0.0000	1.0000	0	
CFHR5	81494	0.0032	0.5984	0.0002	0.0000	0.0000	0.0000	0.0000	0.0000	1.0000	0	
PKD1	5310	0.0032	0.5984	0.0002	0.0000	0.0000	0.0000	0.0000	0.0000	1.0000	0	
A2M	2	0.0032	0.5979	0.0002	0.0000	0.0000	0.0000	0.0000	0.0000	1.0000	0	
ALG12	79087	0.0032	0.5967	0.0002	0.0000	0.0000	0.0000	0.0000	0.0000	1.0000	0	
GOLGA5	9950	0.0032	0.5967	0.0002	0.0000	0.0000	0.0000	0.0000	0.0000	1.0000	0	
SYNE2	23224	0.0032	0.5967	0.0002	0.0000	0.0000	0.0000	0.0000	0.0000	1.0000	0	
NPHS1	4868	0.0016	0.6000	0.0002	0.0000	0.0000	0.0000	0.0000	0.0000	0.5000	0	
PLCB1	23236	0.0016	0.6000	0.0002	0.0000	0.0000	0.0000	0.0000	0.0000	0.5000	0	
ABI3BP	25890	0.0000	0.6000	0.0002	0.0000	0.0000	0.0000	0.0000	0.0000	1.0000	0	
ADAM21	8747	0.0000	0.6000	0.0002	0.0000	0.0000	0.0000	0.0000	0.0000	1.0000	0	
AKR1C1	1645	0.0000	0.6000	0.0002	0.0000	0.0000	0.0000	0.0000	0.0000	1.0000	0	
AQP7	364	0.0000	0.6000	0.0002	0.0000	0.0000	0.0000	0.0000	0.0000	0.5000	0	
AUNIP	79000	0.0000	0.6000	0.0002	0.0000	0.0000	0.0000	0.0000	0.0000	1.0000	0	
BCLAF1	9774	0.0000	0.6000	0.0002	0.0000	0.0000	0.0000	0.0000	0.0000	1.0000	0	
BICD1	636	0.0000	0.6000	0.0002	0.0000	0.0000	0.0000	0.0000	0.0000	1.0000	0	
BMS1	9790	0.0000	0.6000	0.0002	0.0000	0.0000	0.0000	0.0000	0.0000	1.0000	0	
C2CD3	26005	0.0000	0.6000	0.0002	0.0000	0.0000	0.0000	0.0000	0.0000	0.5000	0	
CACNA1B	774	0.0000	0.6000	0.0002	0.0000	0.0000	0.0000	0.0000	0.0000	1.0000	0	
CACNA2D3	55799	0.0000	0.6000	0.0002	0.0000	0.0000	0.0000	0.0000	0.0000	1.0000	0	
CBWD6	644019	0.0000	0.6000	0.0002	0.0000	0.0000	0.0000	0.0000	0.0000	1.0000	0	
CCDC130	81576	0.0000	0.6000	0.0002	0.0000	0.0000	0.0000	0.0000	0.0000	1.0000	0	
CDCA2	157313	0.0000	0.6000	0.0002	0.0000	0.0000	0.0000	0.0000	0.0000	1.0000	0	
CELSR1	9620	0.0000	0.6000	0.0002	0.0000	0.0000	0.0000	0.0000	0.0000	1.0000	0	
CEP131	22994	0.0000	0.6000	0.0002	0.0000	0.0000	0.0000	0.0000	0.0000	1.0000	0	
CEP170	9859	0.0000	0.6000	0.0002	0.0000	0.0000	0.0000	0.0000	0.0000	1.0000	0	
CNTN5	53942	0.0000	0.6000	0.0002	0.0000	0.0000	0.0000	0.0000	0.0000	1.0000	0	
CRY2	1408	0.0000	0.6000	0.0002	0.0000	0.0000	0.0000	0.0000	0.0000	1.0000	0	
DCDC1	341019	0.0000	0.6000	0.0002	0.0000	0.0000	0.0000	0.0000	0.0000	1.0000	0	
DDX60L	91351	0.0000	0.6000	0.0002	0.0000	0.0000	0.0000	0.0000	0.0000	1.0000	0	
DNAH8	1769	0.0000	0.6000	0.0002	0.0000	0.0000	0.0000	0.0000	0.0000	1.0000	0	
ECM2	1842	0.0000	0.6000	0.0002	0.0000	0.0000	0.0000	0.0000	0.0000	1.0000	0	
ENGASE	64772	0.0000	0.6000	0.0002	0.0000	0.0000	0.0000	0.0000	0.0000	1.0000	0	
EPPK1	83481	0.0000	0.6000	0.0002	0.0000	0.0000	0.0000	0.0000	0.0000	1.0000	0	
ERVFRD-1	405754	0.0000	0.6000	0.0002	0.0000	0.0000	0.0000	0.0000	0.0000	1.0000	0	
FAM212A	389119	0.0000	0.6000	0.0002	0.0000	0.0000	0.0000	0.0000	0.0000	1.0000	0	
FAT3	120114	0.0000	0.6000	0.0002	0.0000	0.0000	0.0000	0.0000	0.0000	1.0000	0	
FAT4	79633	0.0000	0.6000	0.0002	0.0000	0.0000	0.0000	0.0000	0.0000	0.5000	0	
FBXO33	254170	0.0000	0.6000	0.0002	0.0000	0.0000	0.0000	0.0000	0.0000	1.0000	0	
FCGBP	8857	0.0000	0.6000	0.0002	0.0000	0.0000	0.0000	0.0000	0.0000	1.0000	0	
FNDC8	54752	0.0000	0.6000	0.0002	0.0000	0.0000	0.0000	0.0000	0.0000	1.0000	0	
FRG2B	441581	0.0000	0.6000	0.0002	0.0000	0.0000	0.0000	0.0000	0.0000	1.0000	0	
FRMPD1	22844	0.0000	0.6000	0.0002	0.0000	0.0000	0.0000	0.0000	0.0000	1.0000	0	
GLI1	2735	0.0000	0.6000	0.0002	0.0000	0.0000	0.0000	0.0000	0.0000	1.0000	0	
GLRX3	10539	0.0000	0.6000	0.0002	0.0000	0.0000	0.0000	0.0000	0.0000	1.0000	0	
HLA-DQB2	3120	0.0000	0.6000	0.0002	0.0000	0.0000	0.0000	0.0000	0.0000	1.0000	0	
IGHV1OR21-1	390530	0.0000	0.6000	0.0002	0.0000	0.0000	0.0000	0.0000	0.0000	1.0000	0	
IGHV4-31	28396	0.0000	0.6000	0.0002	0.0000	0.0000	0.0000	0.0000	0.0000	1.0000	0	
IGLV5-48	28780	0.0000	0.6000	0.0002	0.0000	0.0000	0.0000	0.0000	0.0000	1.0000	0	
KIAA0753	9851	0.0000	0.6000	0.0002	0.0000	0.0000	0.0000	0.0000	0.0000	0.5000	0	
KLF17	128209	0.0000	0.6000	0.0002	0.0000	0.0000	0.0000	0.0000	0.0000	1.0000	0	
KLHL28	54813	0.0000	0.6000	0.0002	0.0000	0.0000	0.0000	0.0000	0.0000	1.0000	0	
KLRC2	3822	0.0000	0.6000	0.0002	0.0000	0.0000	0.0000	0.0000	0.0000	1.0000	0	
KRTAP9-2	83899	0.0000	0.6000	0.0002	0.0000	0.0000	0.0000	0.0000	0.0000	1.0000	0	
LILRA6	79168	0.0000	0.6000	0.0002	0.0000	0.0000	0.0000	0.0000	0.0000	1.0000	0	
MND1	84057	0.0000	0.6000	0.0002	0.0000	0.0000	0.0000	0.0000	0.0000	1.0000	0	
MTIF2	4528	0.0000	0.6000	0.0002	0.0000	0.0000	0.0000	0.0000	0.0000	1.0000	0	
MYH7B	57644	0.0000	0.6000	0.0002	0.0000	0.0000	0.0000	0.0000	0.0000	1.0000	0	
NANOG	79923	0.0000	0.6000	0.0002	0.0000	0.0000	0.0000	0.0000	0.0000	1.0000	0	
NBEAL1	65065	0.0000	0.6000	0.0002	0.0000	0.0000	0.0000	0.0000	0.0000	1.0000	0	
NBPF1	55672	0.0000	0.6000	0.0002	0.0000	0.0000	0.0000	0.0000	0.0000	1.0000	0	
NBPF10	100132406	0.0000	0.6000	0.0002	0.0000	0.0000	0.0000	0.0000	0.0000	1.0000	0	
NCOA7	135112	0.0000	0.6000	0.0002	0.0000	0.0000	0.0000	0.0000	0.0000	1.0000	0	
NOTCH2NL	388677	0.0000	0.6000	0.0002	0.0000	0.0000	0.0000	0.0000	0.0000	1.0000	0	
OR10J4	391121	0.0000	0.6000	0.0002	0.0000	0.0000	0.0000	0.0000	0.0000	1.0000	0	
OR2L3	391192	0.0000	0.6000	0.0002	0.0000	0.0000	0.0000	0.0000	0.0000	1.0000	0	
OR4C5	79346	0.0000	0.6000	0.0002	0.0000	0.0000	0.0000	0.0000	0.0000	1.0000	0	
OR7D2	162998	0.0000	0.6000	0.0002	0.0000	0.0000	0.0000	0.0000	0.0000	1.0000	0	
OR8U1	219417	0.0000	0.6000	0.0002	0.0000	0.0000	0.0000	0.0000	0.0000	1.0000	0	
OR9G1	390174	0.0000	0.6000	0.0002	0.0000	0.0000	0.0000	0.0000	0.0000	1.0000	0	
OR9Q1	219956	0.0000	0.6000	0.0002	0.0000	0.0000	0.0000	0.0000	0.0000	1.0000	0	
OVGP1	5016	0.0000	0.6000	0.0002	0.0000	0.0000	0.0000	0.0000	0.0000	1.0000	0	
PARP4	143	0.0000	0.6000	0.0002	0.0000	0.0000	0.0000	0.0000	0.0000	1.0000	0	
PCDHA6	56142	0.0000	0.6000	0.0002	0.0000	0.0000	0.0000	0.0000	0.0000	1.0000	0	
PDPR	55066	0.0000	0.6000	0.0002	0.0000	0.0000	0.0000	0.0000	0.0000	1.0000	0	
PDXDC1	23042	0.0000	0.6000	0.0002	0.0000	0.0000	0.0000	0.0000	0.0000	1.0000	0	
PFKP	5214	0.0000	0.6000	0.0002	0.0000	0.0000	0.0000	0.0000	0.0000	1.0000	0	
PGF	5228	0.0000	0.6000	0.0002	0.0000	0.0000	0.0000	0.0000	0.0000	1.0000	0	
POTEJ	653781	0.0000	0.6000	0.0002	0.0000	0.0000	0.0000	0.0000	0.0000	1.0000	0	
PTPRD	5789	0.0000	0.6000	0.0002	0.0000	0.0000	0.0000	0.0000	0.0000	1.0000	0	
RAB29	8934	0.0000	0.6000	0.0002	0.0000	0.0000	0.0000	0.0000	0.0000	1.0000	0	
RASGEF1B	153020	0.0000	0.6000	0.0002	0.0000	0.0000	0.0000	0.0000	0.0000	1.0000	0	
RBMXL1	494115	0.0000	0.6000	0.0002	0.0000	0.0000	0.0000	0.0000	0.0000	1.0000	0	
RBP5	83758	0.0000	0.6000	0.0002	0.0000	0.0000	0.0000	0.0000	0.0000	1.0000	0	
RFPL3	10738	0.0000	0.6000	0.0002	0.0000	0.0000	0.0000	0.0000	0.0000	1.0000	0	
RNF113B	140432	0.0000	0.6000	0.0002	0.0000	0.0000	0.0000	0.0000	0.0000	1.0000	0	
RP11-1407O15.2	-1	0.0000	0.6000	0.0002	0.0000	0.0000	0.0000	0.0000	0.0000	1.0000	0	
RRBP1	6238	0.0000	0.6000	0.0002	0.0000	0.0000	0.0000	0.0000	0.0000	1.0000	0	
RRN3	54700	0.0000	0.6000	0.0002	0.0000	0.0000	0.0000	0.0000	0.0000	1.0000	0	
SCN7A	6332	0.0000	0.6000	0.0002	0.0000	0.0000	0.0000	0.0000	0.0000	1.0000	0	
SH2D4B	387694	0.0000	0.6000	0.0002	0.0000	0.0000	0.0000	0.0000	0.0000	1.0000	0	
SLC39A14	23516	0.0000	0.6000	0.0002	0.0000	0.0000	0.0000	0.0000	0.0000	0.5000	0	
SPAG9	9043	0.0000	0.6000	0.0002	0.0000	0.0000	0.0000	0.0000	0.0000	1.0000	0	
SSFA2	6744	0.0000	0.6000	0.0002	0.0000	0.0000	0.0000	0.0000	0.0000	1.0000	0	
STEAP1B	256227	0.0000	0.6000	0.0002	0.0000	0.0000	0.0000	0.0000	0.0000	1.0000	0	
SUSD2	56241	0.0000	0.6000	0.0002	0.0000	0.0000	0.0000	0.0000	0.0000	1.0000	0	
SWSAP1	126074	0.0000	0.6000	0.0002	0.0000	0.0000	0.0000	0.0000	0.0000	1.0000	0	
TAX1BP1	8887	0.0000	0.6000	0.0002	0.0000	0.0000	0.0000	0.0000	0.0000	1.0000	0	
TBC1D4	9882	0.0000	0.6000	0.0002	0.0000	0.0000	0.0000	0.0000	0.0000	1.0000	0	
TEX15	56154	0.0000	0.6000	0.0002	0.0000	0.0000	0.0000	0.0000	0.0000	1.0000	0	
TFB1M	51106	0.0000	0.6000	0.0002	0.0000	0.0000	0.0000	0.0000	0.0000	1.0000	0	
THRAP3	9967	0.0000	0.6000	0.0002	0.0000	0.0000	0.0000	0.0000	0.0000	1.0000	0	
TMPRSS7	344805	0.0000	0.6000	0.0002	0.0000	0.0000	0.0000	0.0000	0.0000	1.0000	0	
TMPRSS9	360200	0.0000	0.6000	0.0002	0.0000	0.0000	0.0000	0.0000	0.0000	1.0000	0	
TNN	63923	0.0000	0.6000	0.0002	0.0000	0.0000	0.0000	0.0000	0.0000	1.0000	0	
TNRC6A	27327	0.0000	0.6000	0.0002	0.0000	0.0000	0.0000	0.0000	0.0000	1.0000	0	
TPSD1	23430	0.0000	0.6000	0.0002	0.0000	0.0000	0.0000	0.0000	0.0000	1.0000	0	
TRBC2	28638	0.0000	0.6000	0.0002	0.0000	0.0000	0.0000	0.0000	0.0000	1.0000	0	
TRBV6-5	28602	0.0000	0.6000	0.0002	0.0000	0.0000	0.0000	0.0000	0.0000	1.0000	0	
TRBV7-8	28590	0.0000	0.6000	0.0002	0.0000	0.0000	0.0000	0.0000	0.0000	1.0000	0	
TRIM49	57093	0.0000	0.6000	0.0002	0.0000	0.0000	0.0000	0.0000	0.0000	1.0000	0	
TSHZ2	128553	0.0000	0.6000	0.0002	0.0000	0.0000	0.0000	0.0000	0.0000	1.0000	0	
TUBB8P7	197331	0.0000	0.6000	0.0002	0.0000	0.0000	0.0000	0.0000	0.0000	1.0000	0	
ULK3	25989	0.0000	0.6000	0.0002	0.0000	0.0000	0.0000	0.0000	0.0000	1.0000	0	
USP2	9099	0.0000	0.6000	0.0002	0.0000	0.0000	0.0000	0.0000	0.0000	1.0000	0	
WDR49	151790	0.0000	0.6000	0.0002	0.0000	0.0000	0.0000	0.0000	0.0000	1.0000	0	
XYLT2	64132	0.0000	0.6000	0.0002	0.0000	0.0000	0.0000	0.0000	0.0000	0.5000	0	
ZFYVE16	9765	0.0000	0.6000	0.0002	0.0000	0.0000	0.0000	0.0000	0.0000	1.0000	0	
ZNF420	147923	0.0000	0.6000	0.0002	0.0000	0.0000	0.0000	0.0000	0.0000	1.0000	0	
ZNF705A	440077	0.0000	0.6000	0.0002	0.0000	0.0000	0.0000	0.0000	0.0000	1.0000	0	
ZNF705G	100131980	0.0000	0.6000	0.0002	0.0000	0.0000	0.0000	0.0000	0.0000	1.0000	0	
ZNF76	7629	0.0000	0.6000	0.0002	0.0000	0.0000	0.0000	0.0000	0.0000	1.0000	0	
CASP6	839	0.0000	0.5994	0.0002	0.0000	0.0000	0.0000	0.0000	0.0000	1.0000	0	
ERGIC1	57222	0.0000	0.5994	0.0002	0.0000	0.0000	0.0000	0.0000	0.0000	1.0000	0	
KCNG2	26251	0.0000	0.5994	0.0002	0.0000	0.0000	0.0000	0.0000	0.0000	1.0000	0	
BTBD9	114781	0.0000	0.5994	0.0002	0.0000	0.0000	0.0000	0.0000	0.0000	1.0000	0	
AHNAK2	113146	0.0000	0.5993	0.0002	0.0000	0.0000	0.0000	0.0000	0.0000	1.0000	0	
CREB3	10488	0.0000	0.5987	0.0002	0.0000	0.0000	0.0000	0.0000	0.0000	1.0000	0	
NFE2L3	9603	0.0000	0.5987	0.0002	0.0000	0.0000	0.0000	0.0000	0.0000	1.0000	0	
S100PBP	64766	0.0000	0.5987	0.0002	0.0000	0.0000	0.0000	0.0000	0.0000	1.0000	0	
SLC13A3	64849	0.0000	0.5987	0.0002	0.0000	0.0000	0.0000	0.0000	0.0000	1.0000	0	
UACA	55075	0.0000	0.5987	0.0002	0.0000	0.0000	0.0000	0.0000	0.0000	1.0000	0	
USP19	10869	0.0000	0.5987	0.0002	0.0000	0.0000	0.0000	0.0000	0.0000	1.0000	0	
CEP170B	283638	0.0000	0.5986	0.0002	0.0000	0.0000	0.0000	0.0000	0.0000	1.0000	0	
KIF13A	63971	0.0000	0.5986	0.0002	0.0000	0.0000	0.0000	0.0000	0.0000	1.0000	0	
ACIN1	22985	0.0000	0.5984	0.0002	0.0000	0.0000	0.0000	0.0000	0.0000	1.0000	0	
CTBP2	1488	0.0000	0.5984	0.0002	0.0000	0.0000	0.0000	0.0000	0.0000	1.0000	0	
CYP2E1	1571	0.0000	0.5984	0.0002	0.0000	0.0000	0.0000	0.0000	0.0000	1.0000	0	
FAM198B	51313	0.0000	0.5984	0.0002	0.0000	0.0000	0.0000	0.0000	0.0000	1.0000	0	
FCRLA	84824	0.0000	0.5984	0.0002	0.0000	0.0000	0.0000	0.0000	0.0000	1.0000	0	
LY75	4065	0.0000	0.5984	0.0002	0.0000	0.0000	0.0000	0.0000	0.0000	1.0000	0	
RFX7	64864	0.0000	0.5984	0.0002	0.0000	0.0000	0.0000	0.0000	0.0000	1.0000	0	
USP1	7398	0.0000	0.5984	0.0002	0.0000	0.0000	0.0000	0.0000	0.0000	1.0000	0	
ZBTB6	10773	0.0000	0.5984	0.0002	0.0000	0.0000	0.0000	0.0000	0.0000	1.0000	0	
ZC3H12A	80149	0.0000	0.5984	0.0002	0.0000	0.0000	0.0000	0.0000	0.0000	1.0000	0	
ZNF462	58499	0.0000	0.5984	0.0002	0.0000	0.0000	0.0000	0.0000	0.0000	1.0000	0	
AQP6	363	0.0000	0.5981	0.0002	0.0000	0.0000	0.0000	0.0000	0.0000	1.0000	0	
DNMBP	23268	0.0000	0.5981	0.0002	0.0000	0.0000	0.0000	0.0000	0.0000	1.0000	0	
MDN1	23195	0.0000	0.5981	0.0002	0.0000	0.0000	0.0000	0.0000	0.0000	1.0000	0	
NCAPH2	29781	0.0000	0.5981	0.0002	0.0000	0.0000	0.0000	0.0000	0.0000	1.0000	0	
NEK2	4751	0.0000	0.5981	0.0002	0.0000	0.0000	0.0000	0.0000	0.0000	0.5000	0	
SLC39A5	283375	0.0000	0.5981	0.0002	0.0000	0.0000	0.0000	0.0000	0.0000	1.0000	0	
SNAPC1	6617	0.0000	0.5981	0.0002	0.0000	0.0000	0.0000	0.0000	0.0000	1.0000	0	
ZNF526	116115	0.0000	0.5981	0.0002	0.0000	0.0000	0.0000	0.0000	0.0000	1.0000	0	
ZSWIM1	90204	0.0000	0.5981	0.0002	0.0000	0.0000	0.0000	0.0000	0.0000	1.0000	0	
OR13J1	392309	0.0000	0.5975	0.0002	0.0000	0.0000	0.0000	0.0000	0.0000	1.0000	0	
MYO9B	4650	0.0000	0.5974	0.0002	0.0000	0.0000	0.0000	0.0000	0.0000	1.0000	0	
C14orf177	283598	0.0000	0.5968	0.0002	0.0000	0.0000	0.0000	0.0000	0.0000	1.0000	0	
PCGF6	84108	0.0000	0.5968	0.0002	0.0000	0.0000	0.0000	0.0000	0.0000	1.0000	0	
RBP7	116362	0.0000	0.5968	0.0002	0.0000	0.0000	0.0000	0.0000	0.0000	1.0000	0	
SEMA4G	57715	0.0000	0.5968	0.0002	0.0000	0.0000	0.0000	0.0000	0.0000	1.0000	0	
AAMDC	28971	0.0000	0.5968	0.0002	0.0000	0.0000	0.0000	0.0000	0.0000	1.0000	0	
CMKLR1	1240	0.0000	0.5968	0.0002	0.0000	0.0000	0.0000	0.0000	0.0000	1.0000	0	
MME	4311	0.0000	0.5967	0.0002	0.0000	0.0000	0.0000	0.0000	0.0000	1.0000	0	
PTPN7	5778	0.0000	0.5967	0.0002	0.0000	0.0000	0.0000	0.0000	0.0000	1.0000	0	
RAB11FIP5	26056	0.0000	0.5967	0.0002	0.0000	0.0000	0.0000	0.0000	0.0000	1.0000	0	
SLC44A5	204962	0.0000	0.5967	0.0002	0.0000	0.0000	0.0000	0.0000	0.0000	1.0000	0	
ZC3H13	23091	0.0000	0.5967	0.0002	0.0000	0.0000	0.0000	0.0000	0.0000	1.0000	0	
MAP10	54627	0.0000	0.5965	0.0002	0.0000	0.0000	0.0000	0.0000	0.0000	1.0000	0	
LILRA2	11027	0.0000	0.5962	0.0002	0.0000	0.0000	0.0000	0.0000	0.0000	1.0000	0	
MFHAS1	9258	0.0000	0.5962	0.0002	0.0000	0.0000	0.0000	0.0000	0.0000	1.0000	0	
TEKT2	27285	0.0000	0.5962	0.0002	0.0000	0.0000	0.0000	0.0000	0.0000	1.0000	0	
OR9I1	219954	0.0000	0.5962	0.0002	0.0000	0.0000	0.0000	0.0000	0.0000	1.0000	0	
TPH1	7166	0.0000	0.5962	0.0002	0.0000	0.0000	0.0000	0.0000	0.0000	1.0000	0	
RIPOR2	9750	0.0000	0.5958	0.0002	0.0000	0.0000	0.0000	0.0000	0.0000	0.5000	0	
FKBP4	2288	0.0000	0.5950	0.0002	0.0000	0.0000	0.0000	0.0000	0.0000	1.0000	0	
GMPR2	51292	0.0000	0.5950	0.0002	0.0000	0.0000	0.0000	0.0000	0.0000	1.0000	0	
IGSF22	283284	0.0000	0.5950	0.0002	0.0000	0.0000	0.0000	0.0000	0.0000	1.0000	0	
INPP5B	3633	0.0000	0.5950	0.0002	0.0000	0.0000	0.0000	0.0000	0.0000	1.0000	0	
PBX4	80714	0.0000	0.5950	0.0002	0.0000	0.0000	0.0000	0.0000	0.0000	1.0000	0	
PTPRK	5796	0.0000	0.5950	0.0002	0.0000	0.0000	0.0000	0.0000	0.0000	1.0000	0	
RBM15	64783	0.0000	0.5950	0.0002	0.0000	0.0000	0.0000	0.0000	0.0000	1.0000	0	
TBC1D8	11138	0.0000	0.5950	0.0002	0.0000	0.0000	0.0000	0.0000	0.0000	1.0000	0	
OR10J1	26476	0.0000	0.5948	0.0002	0.0000	0.0000	0.0000	0.0000	0.0000	1.0000	0	
SUPV3L1	6832	0.0000	0.5948	0.0002	0.0000	0.0000	0.0000	0.0000	0.0000	1.0000	0	
LHFPL3	375612	0.0000	0.5946	0.0002	0.0000	0.0000	0.0000	0.0000	0.0000	1.0000	0	
RMC1	29919	0.0000	0.5942	0.0002	0.0000	0.0000	0.0000	0.0000	0.0000	1.0000	0	
ANO9	338440	0.0000	0.5935	0.0002	0.0000	0.0000	0.0000	0.0000	0.0000	1.0000	0	
PLEKHO1	51177	0.0000	0.5935	0.0002	0.0000	0.0000	0.0000	0.0000	0.0000	1.0000	0	
APBA2	321	0.0000	0.5932	0.0002	0.0000	0.0000	0.0000	0.0000	0.0000	1.0000	0	
HEATR5A	25938	0.0000	0.5932	0.0002	0.0000	0.0000	0.0000	0.0000	0.0000	1.0000	0	
LLCFC1	135927	0.0000	0.5932	0.0002	0.0000	0.0000	0.0000	0.0000	0.0000	1.0000	0	
MGLL	11343	0.0000	0.5932	0.0002	0.0000	0.0000	0.0000	0.0000	0.0000	1.0000	0	
PLEKHG2	64857	0.0000	0.5932	0.0002	0.0000	0.0000	0.0000	0.0000	0.0000	0.5000	0	
ABCC1	4363	0.0000	0.5926	0.0002	0.0000	0.0000	0.0000	0.0000	0.0000	1.0000	0	
ADAM8	101	0.0000	0.5921	0.0002	0.0000	0.0000	0.0000	0.0000	0.0000	1.0000	0	
C12orf60	144608	0.0000	0.5921	0.0002	0.0000	0.0000	0.0000	0.0000	0.0000	1.0000	0	
TLDC1	57707	0.0000	0.5915	0.0002	0.0000	0.0000	0.0000	0.0000	0.0000	1.0000	0	
ALOX12B	242	0.1783	0.0000	0.0002	0.0000	0.0000	0.0000	0.0000	0.0000	0.5000	0	
LTBP2	4053	0.1701	0.0000	0.0001	0.0000	0.0000	0.0000	0.0000	0.0000	0.5000	0	
DHCR24	1718	0.1651	0.0000	0.0001	0.0000	0.0000	0.0000	0.0000	0.0000	0.5000	0	
DDX11	1663	0.1568	0.0000	0.0001	0.0000	0.0000	0.0000	0.0000	0.0000	0.5000	0	
ACE	1636	0.1518	0.0000	0.0001	0.0000	0.0000	0.0000	0.0000	0.0000	0.5000	0	
AGT	183	0.1518	0.0000	0.0001	0.0000	0.0000	0.0000	0.0000	0.0000	0.5000	0	
LDLR	3949	0.1516	0.0000	0.0001	0.0000	0.0000	0.0000	0.0000	0.0000	1.0000	0	
CFI	3426	0.1495	0.0000	0.0001	0.0000	0.0000	0.0000	0.0000	0.0000	1.0000	0	
HNF1B	6928	0.1495	0.0000	0.0001	0.0000	0.0000	0.0000	0.0000	0.0000	1.0000	0	
APTX	54840	0.1458	0.0000	0.0001	0.0000	0.0000	0.0000	0.0000	0.0000	0.5000	0	
MCOLN1	57192	0.1458	0.0000	0.0001	0.0000	0.0000	0.0000	0.0000	0.0000	0.5000	0	
GNA11	2767	0.1402	0.0000	0.0001	0.0000	0.0000	0.0000	0.0000	0.0000	1.0000	0	
MTHFR	4524	0.1381	0.0000	0.0001	0.0000	0.0000	0.0000	0.0000	0.0000	1.0000	0	
SBF2	81846	0.1307	0.0000	0.0001	0.0000	0.0000	0.0000	0.0000	0.0000	0.5000	0	
ACADS	35	0.1229	0.0000	0.0001	0.0000	0.0000	0.0000	0.0000	0.0000	0.5000	0	
COG4	25839	0.1229	0.0000	0.0001	0.0000	0.0000	0.0000	0.0000	0.0000	0.5000	0	
NRXN1	9378	0.1229	0.0000	0.0001	0.0000	0.0000	0.0000	0.0000	0.0000	0.5000	0	
ETFA	2108	0.1095	0.0000	0.0001	0.0000	0.0000	0.0000	0.0000	0.0000	0.5000	0	
ITCH	83737	0.1095	0.0000	0.0001	0.0000	0.0000	0.0000	0.0000	0.0000	0.5000	0	
EEF2	1938	0.0995	0.0000	0.0001	0.0000	0.0000	0.0000	0.0000	0.0000	1.0000	0	
EYS	346007	0.0892	0.0000	0.0000	0.0000	0.0000	0.0000	0.0000	0.0000	0.5000	0	
SCP2	6342	0.0892	0.0000	0.0000	0.0000	0.0000	0.0000	0.0000	0.0000	0.5000	0	
ADCY5	111	0.0820	0.0000	0.0000	0.0000	0.0000	0.0000	0.0000	0.0000	1.0000	0	
SMOC2	64094	0.0820	0.0000	0.0000	0.0000	0.0000	0.0000	0.0000	0.0000	1.0000	0	
IL17RA	23765	0.0758	0.0000	0.0000	0.0000	0.0000	0.0000	0.0000	0.0000	0.5000	0	
ABAT	18	0.0747	0.0000	0.0000	0.0000	0.0000	0.0000	0.0000	0.0000	0.5000	0	
HYDIN	54768	0.0747	0.0000	0.0000	0.0000	0.0000	0.0000	0.0000	0.0000	0.5000	0	
CST3	1471	0.0728	0.0000	0.0000	0.0000	0.0000	0.0000	0.0000	0.0000	1.0000	0	
SLC34A1	6569	0.0706	0.0000	0.0000	0.0000	0.0000	0.0000	0.0000	0.0000	1.0000	0	
AGXT	189	0.0701	0.0000	0.0000	0.0000	0.0000	0.0000	0.0000	0.0000	0.5000	0	
PRKCD	5580	0.0691	0.0000	0.0000	0.0000	0.0000	0.0000	0.0000	0.0000	0.5000	0	
COQ8A	56997	0.0582	0.0000	0.0000	0.0000	0.0000	0.0000	0.0000	0.0000	0.5000	0	
LAMB2	3913	0.0497	0.0000	0.0000	0.0000	0.0000	0.0000	0.0000	0.0000	0.5000	0	
NDUFS8	4728	0.0497	0.0000	0.0000	0.0000	0.0000	0.0000	0.0000	0.0000	0.5000	0	
ST3GAL5	8869	0.0497	0.0000	0.0000	0.0000	0.0000	0.0000	0.0000	0.0000	0.5000	0	
FERMT3	83706	0.0410	0.0000	0.0000	0.0000	0.0000	0.0000	0.0000	0.0000	0.5000	0	
WDR72	256764	0.0410	0.0000	0.0000	0.0000	0.0000	0.0000	0.0000	0.0000	0.5000	0	
MLPH	79083	0.0364	0.0000	0.0000	0.0000	0.0000	0.0000	0.0000	0.0000	0.5000	0	
GOSR2	9570	0.0353	0.0000	0.0000	0.0000	0.0000	0.0000	0.0000	0.0000	0.5000	0	
LAMA2	3908	0.0353	0.0000	0.0000	0.0000	0.0000	0.0000	0.0000	0.0000	0.5000	0	
TJP2	9414	0.0353	0.0000	0.0000	0.0000	0.0000	0.0000	0.0000	0.0000	0.5000	0	
ARHGEF10	9639	0.0032	0.0000	0.0000	0.0000	0.0000	0.0000	0.0000	0.0000	1.0000	0	
CACNA1S	779	0.0032	0.0000	0.0000	0.0000	0.0000	0.0000	0.0000	0.0000	1.0000	0	
CDK11B	984	0.0032	0.0000	0.0000	0.0000	0.0000	0.0000	0.0000	0.0000	1.0000	0	
CLCNKA	1187	0.0032	0.0000	0.0000	0.0000	0.0000	0.0000	0.0000	0.0000	1.0000	0	
COL4A2	1284	0.0032	0.0000	0.0000	0.0000	0.0000	0.0000	0.0000	0.0000	1.0000	0	
DHTKD1	55526	0.0032	0.0000	0.0000	0.0000	0.0000	0.0000	0.0000	0.0000	1.0000	0	
DPP6	1804	0.0032	0.0000	0.0000	0.0000	0.0000	0.0000	0.0000	0.0000	1.0000	0	
DTNA	1837	0.0032	0.0000	0.0000	0.0000	0.0000	0.0000	0.0000	0.0000	1.0000	0	
EPAS1	2034	0.0032	0.0000	0.0000	0.0000	0.0000	0.0000	0.0000	0.0000	1.0000	0	
EPB41L1	2036	0.0032	0.0000	0.0000	0.0000	0.0000	0.0000	0.0000	0.0000	1.0000	0	
FLT4	2324	0.0032	0.0000	0.0000	0.0000	0.0000	0.0000	0.0000	0.0000	1.0000	0	
MYL3	4634	0.0032	0.0000	0.0000	0.0000	0.0000	0.0000	0.0000	0.0000	1.0000	0	
OGG1	4968	0.0032	0.0000	0.0000	0.0000	0.0000	0.0000	0.0000	0.0000	1.0000	0	
STRC	161497	0.0032	0.0000	0.0000	0.0000	0.0000	0.0000	0.0000	0.0000	1.0000	0	
TLL1	7092	0.0032	0.0000	0.0000	0.0000	0.0000	0.0000	0.0000	0.0000	1.0000	0	
TRPM4	54795	0.0032	0.0000	0.0000	0.0000	0.0000	0.0000	0.0000	0.0000	1.0000	0	
ACADVL	37	0.0016	0.0000	0.0000	0.0000	0.0000	0.0000	0.0000	0.0000	0.5000	0	
ARMC4	55130	0.0016	0.0000	0.0000	0.0000	0.0000	0.0000	0.0000	0.0000	0.5000	0	
ATP2A1	487	0.0016	0.0000	0.0000	0.0000	0.0000	0.0000	0.0000	0.0000	0.5000	0	
ATP6V1B1	525	0.0016	0.0000	0.0000	0.0000	0.0000	0.0000	0.0000	0.0000	0.5000	0	
BCKDHB	594	0.0016	0.0000	0.0000	0.0000	0.0000	0.0000	0.0000	0.0000	0.5000	0	
CASQ2	845	0.0016	0.0000	0.0000	0.0000	0.0000	0.0000	0.0000	0.0000	0.5000	0	
CYP17A1	1586	0.0016	0.0000	0.0000	0.0000	0.0000	0.0000	0.0000	0.0000	0.5000	0	
CYP2D6	1565	0.0016	0.0000	0.0000	0.0000	0.0000	0.0000	0.0000	0.0000	0.5000	0	
GAMT	2593	0.0016	0.0000	0.0000	0.0000	0.0000	0.0000	0.0000	0.0000	0.5000	0	
GRHPR	9380	0.0016	0.0000	0.0000	0.0000	0.0000	0.0000	0.0000	0.0000	0.5000	0	
ILDR1	286676	0.0016	0.0000	0.0000	0.0000	0.0000	0.0000	0.0000	0.0000	0.5000	0	
NNT	23530	0.0016	0.0000	0.0000	0.0000	0.0000	0.0000	0.0000	0.0000	0.5000	0	
PCBD1	5092	0.0016	0.0000	0.0000	0.0000	0.0000	0.0000	0.0000	0.0000	0.5000	0	
SLC26A5	375611	0.0016	0.0000	0.0000	0.0000	0.0000	0.0000	0.0000	0.0000	0.5000	0	
TMPRSS3	64699	0.0016	0.0000	0.0000	0.0000	0.0000	0.0000	0.0000	0.0000	0.5000	0	
TSFM	10102	0.0016	0.0000	0.0000	0.0000	0.0000	0.0000	0.0000	0.0000	0.5000	0	
TSPEAR	54084	0.0016	0.0000	0.0000	0.0000	0.0000	0.0000	0.0000	0.0000	0.5000	0	
A2MP1	3	0.0000	0.0000	0.0000	0.0000	0.0000	0.0000	0.0000	0.0000	1.0000	0	
AADAC	13	0.0000	0.0000	0.0000	0.0000	0.0000	0.0000	0.0000	0.0000	1.0000	0	
ABCD1P2	26983	0.0000	0.0000	0.0000	0.0000	0.0000	0.0000	0.0000	0.0000	1.0000	0	
ABCD1P3	26982	0.0000	0.0000	0.0000	0.0000	0.0000	0.0000	0.0000	0.0000	1.0000	0	
ABCD1P4	26957	0.0000	0.0000	0.0000	0.0000	0.0000	0.0000	0.0000	0.0000	1.0000	0	
AC018865.5	-1	0.0000	0.0000	0.0000	0.0000	0.0000	0.0000	0.0000	0.0000	1.0000	0	
AC024937.6	-1	0.0000	0.0000	0.0000	0.0000	0.0000	0.0000	0.0000	0.0000	1.0000	0	
AC027612.3	-1	0.0000	0.0000	0.0000	0.0000	0.0000	0.0000	0.0000	0.0000	1.0000	0	
AC027612.4	-1	0.0000	0.0000	0.0000	0.0000	0.0000	0.0000	0.0000	0.0000	1.0000	0	
AC027612.6	-1	0.0000	0.0000	0.0000	0.0000	0.0000	0.0000	0.0000	0.0000	1.0000	0	
AC073464.4	-1	0.0000	0.0000	0.0000	0.0000	0.0000	0.0000	0.0000	0.0000	1.0000	0	
AC083899.1	-1	0.0000	0.0000	0.0000	0.0000	0.0000	0.0000	0.0000	0.0000	1.0000	0	
AC105342.1	-1	0.0000	0.0000	0.0000	0.0000	0.0000	0.0000	0.0000	0.0000	1.0000	0	
AC116050.1	-1	0.0000	0.0000	0.0000	0.0000	0.0000	0.0000	0.0000	0.0000	1.0000	0	
AC139712.2	-1	0.0000	0.0000	0.0000	0.0000	0.0000	0.0000	0.0000	0.0000	1.0000	0	
ACBD6	84320	0.0000	0.0000	0.0000	0.0000	0.0000	0.0000	0.0000	0.0000	1.0000	0	
ACSBG1	23205	0.0000	0.0000	0.0000	0.0000	0.0000	0.0000	0.0000	0.0000	1.0000	0	
ACSM1	116285	0.0000	0.0000	0.0000	0.0000	0.0000	0.0000	0.0000	0.0000	1.0000	0	
ADA2	51816	0.0000	0.0000	0.0000	0.0000	0.0000	0.0000	0.0000	0.0000	1.0000	0	
ADAD2	161931	0.0000	0.0000	0.0000	0.0000	0.0000	0.0000	0.0000	0.0000	1.0000	0	
ADAMTS16	170690	0.0000	0.0000	0.0000	0.0000	0.0000	0.0000	0.0000	0.0000	1.0000	0	
ADAMTS3	9508	0.0000	0.0000	0.0000	0.0000	0.0000	0.0000	0.0000	0.0000	1.0000	0	
ADAMTS7P3	400406	0.0000	0.0000	0.0000	0.0000	0.0000	0.0000	0.0000	0.0000	1.0000	0	
ADAMTS9	56999	0.0000	0.0000	0.0000	0.0000	0.0000	0.0000	0.0000	0.0000	1.0000	0	
ADCY3	109	0.0000	0.0000	0.0000	0.0000	0.0000	0.0000	0.0000	0.0000	1.0000	0	
ADGRB2	576	0.0000	0.0000	0.0000	0.0000	0.0000	0.0000	0.0000	0.0000	1.0000	0	
ADGRF5P1	389740	0.0000	0.0000	0.0000	0.0000	0.0000	0.0000	0.0000	0.0000	1.0000	0	
AFDN	4301	0.0000	0.0000	0.0000	0.0000	0.0000	0.0000	0.0000	0.0000	1.0000	0	
AFF4	27125	0.0000	0.0000	0.0000	0.0000	0.0000	0.0000	0.0000	0.0000	1.0000	0	
AGGF1	55109	0.0000	0.0000	0.0000	0.0000	0.0000	0.0000	0.0000	0.0000	1.0000	0	
AIG1	51390	0.0000	0.0000	0.0000	0.0000	0.0000	0.0000	0.0000	0.0000	1.0000	0	
AKAP8	10270	0.0000	0.0000	0.0000	0.0000	0.0000	0.0000	0.0000	0.0000	1.0000	0	
AMDHD2	51005	0.0000	0.0000	0.0000	0.0000	0.0000	0.0000	0.0000	0.0000	1.0000	0	
ANKRD1	27063	0.0000	0.0000	0.0000	0.0000	0.0000	0.0000	0.0000	0.0000	1.0000	0	
ANKRD20A5P	440482	0.0000	0.0000	0.0000	0.0000	0.0000	0.0000	0.0000	0.0000	1.0000	0	
ANKRD20A7P	653436	0.0000	0.0000	0.0000	0.0000	0.0000	0.0000	0.0000	0.0000	1.0000	0	
ANKRD30BL	554226	0.0000	0.0000	0.0000	0.0000	0.0000	0.0000	0.0000	0.0000	1.0000	0	
ANKRD30BP2	149992	0.0000	0.0000	0.0000	0.0000	0.0000	0.0000	0.0000	0.0000	1.0000	0	
ANKRD36BP2	645784	0.0000	0.0000	0.0000	0.0000	0.0000	0.0000	0.0000	0.0000	1.0000	0	
ANO4	121601	0.0000	0.0000	0.0000	0.0000	0.0000	0.0000	0.0000	0.0000	1.0000	0	
AOAH	313	0.0000	0.0000	0.0000	0.0000	0.0000	0.0000	0.0000	0.0000	1.0000	0	
AP003068.18	-1	0.0000	0.0000	0.0000	0.0000	0.0000	0.0000	0.0000	0.0000	1.0000	0	
AP1B1	162	0.0000	0.0000	0.0000	0.0000	0.0000	0.0000	0.0000	0.0000	1.0000	0	
APOC1P1	342	0.0000	0.0000	0.0000	0.0000	0.0000	0.0000	0.0000	0.0000	1.0000	0	
AQP7P1	375719	0.0000	0.0000	0.0000	0.0000	0.0000	0.0000	0.0000	0.0000	1.0000	0	
AQP7P2	389756	0.0000	0.0000	0.0000	0.0000	0.0000	0.0000	0.0000	0.0000	1.0000	0	
AQR	9716	0.0000	0.0000	0.0000	0.0000	0.0000	0.0000	0.0000	0.0000	1.0000	0	
ARAP3	64411	0.0000	0.0000	0.0000	0.0000	0.0000	0.0000	0.0000	0.0000	1.0000	0	
ARF4	378	0.0000	0.0000	0.0000	0.0000	0.0000	0.0000	0.0000	0.0000	1.0000	0	
ARHGAP15	55843	0.0000	0.0000	0.0000	0.0000	0.0000	0.0000	0.0000	0.0000	1.0000	0	
ARHGAP45	23526	0.0000	0.0000	0.0000	0.0000	0.0000	0.0000	0.0000	0.0000	1.0000	0	
ARHGEF18	23370	0.0000	0.0000	0.0000	0.0000	0.0000	0.0000	0.0000	0.0000	0.5000	0	
ARHGEF19	128272	0.0000	0.0000	0.0000	0.0000	0.0000	0.0000	0.0000	0.0000	1.0000	0	
ARL14EP	120534	0.0000	0.0000	0.0000	0.0000	0.0000	0.0000	0.0000	0.0000	1.0000	0	
ARL17B	100506084	0.0000	0.0000	0.0000	0.0000	0.0000	0.0000	0.0000	0.0000	1.0000	0	
ARL6IP4	51329	0.0000	0.0000	0.0000	0.0000	0.0000	0.0000	0.0000	0.0000	1.0000	0	
ARMC6	93436	0.0000	0.0000	0.0000	0.0000	0.0000	0.0000	0.0000	0.0000	1.0000	0	
ARNT2	9915	0.0000	0.0000	0.0000	0.0000	0.0000	0.0000	0.0000	0.0000	0.5000	0	
AS3MT	57412	0.0000	0.0000	0.0000	0.0000	0.0000	0.0000	0.0000	0.0000	1.0000	0	
ASB4	51666	0.0000	0.0000	0.0000	0.0000	0.0000	0.0000	0.0000	0.0000	1.0000	0	
ASGR2	433	0.0000	0.0000	0.0000	0.0000	0.0000	0.0000	0.0000	0.0000	1.0000	0	
ASS1P10	455	0.0000	0.0000	0.0000	0.0000	0.0000	0.0000	0.0000	0.0000	1.0000	0	
ASS1P9	454	0.0000	0.0000	0.0000	0.0000	0.0000	0.0000	0.0000	0.0000	1.0000	0	
ATP2B4	493	0.0000	0.0000	0.0000	0.0000	0.0000	0.0000	0.0000	0.0000	1.0000	0	
ATP2C2	9914	0.0000	0.0000	0.0000	0.0000	0.0000	0.0000	0.0000	0.0000	1.0000	0	
ATP5A1P5	-1	0.0000	0.0000	0.0000	0.0000	0.0000	0.0000	0.0000	0.0000	1.0000	0	
ATXN7L2	127002	0.0000	0.0000	0.0000	0.0000	0.0000	0.0000	0.0000	0.0000	1.0000	0	
BCL11B	64919	0.0000	0.0000	0.0000	0.0000	0.0000	0.0000	0.0000	0.0000	1.0000	0	
BCL6	604	0.0000	0.0000	0.0000	0.0000	0.0000	0.0000	0.0000	0.0000	1.0000	0	
BCLAF1P1	728366	0.0000	0.0000	0.0000	0.0000	0.0000	0.0000	0.0000	0.0000	1.0000	0	
BEGAIN	57596	0.0000	0.0000	0.0000	0.0000	0.0000	0.0000	0.0000	0.0000	1.0000	0	
BET1L	51272	0.0000	0.0000	0.0000	0.0000	0.0000	0.0000	0.0000	0.0000	1.0000	0	
BIVM	54841	0.0000	0.0000	0.0000	0.0000	0.0000	0.0000	0.0000	0.0000	1.0000	0	
BMS1P10	728611	0.0000	0.0000	0.0000	0.0000	0.0000	0.0000	0.0000	0.0000	1.0000	0	
BNC2	54796	0.0000	0.0000	0.0000	0.0000	0.0000	0.0000	0.0000	0.0000	1.0000	0	
BRAP	8315	0.0000	0.0000	0.0000	0.0000	0.0000	0.0000	0.0000	0.0000	1.0000	0	
BRWD1	54014	0.0000	0.0000	0.0000	0.0000	0.0000	0.0000	0.0000	0.0000	1.0000	0	
BSG	682	0.0000	0.0000	0.0000	0.0000	0.0000	0.0000	0.0000	0.0000	1.0000	0	
BTBD7P1	441548	0.0000	0.0000	0.0000	0.0000	0.0000	0.0000	0.0000	0.0000	1.0000	0	
C10ORF68	-1	0.0000	0.0000	0.0000	0.0000	0.0000	0.0000	0.0000	0.0000	1.0000	0	
C15orf59	388135	0.0000	0.0000	0.0000	0.0000	0.0000	0.0000	0.0000	0.0000	1.0000	0	
C1orf162	128346	0.0000	0.0000	0.0000	0.0000	0.0000	0.0000	0.0000	0.0000	1.0000	0	
C6orf118	168090	0.0000	0.0000	0.0000	0.0000	0.0000	0.0000	0.0000	0.0000	1.0000	0	
C7orf55-LUC7L2	100996928	0.0000	0.0000	0.0000	0.0000	0.0000	0.0000	0.0000	0.0000	1.0000	0	
CACNG4	27092	0.0000	0.0000	0.0000	0.0000	0.0000	0.0000	0.0000	0.0000	1.0000	0	
CAMK1G	57172	0.0000	0.0000	0.0000	0.0000	0.0000	0.0000	0.0000	0.0000	1.0000	0	
CAMSAP3	57662	0.0000	0.0000	0.0000	0.0000	0.0000	0.0000	0.0000	0.0000	1.0000	0	
CAPN15	6650	0.0000	0.0000	0.0000	0.0000	0.0000	0.0000	0.0000	0.0000	1.0000	0	
CARMIL2	146206	0.0000	0.0000	0.0000	0.0000	0.0000	0.0000	0.0000	0.0000	1.0000	0	
CBFA2T3	863	0.0000	0.0000	0.0000	0.0000	0.0000	0.0000	0.0000	0.0000	1.0000	0	
CBX3P1	159770	0.0000	0.0000	0.0000	0.0000	0.0000	0.0000	0.0000	0.0000	1.0000	0	
CBX3P9	644101	0.0000	0.0000	0.0000	0.0000	0.0000	0.0000	0.0000	0.0000	1.0000	0	
CCDC125	202243	0.0000	0.0000	0.0000	0.0000	0.0000	0.0000	0.0000	0.0000	1.0000	0	
CCDC149	91050	0.0000	0.0000	0.0000	0.0000	0.0000	0.0000	0.0000	0.0000	1.0000	0	
CCDC158	339965	0.0000	0.0000	0.0000	0.0000	0.0000	0.0000	0.0000	0.0000	1.0000	0	
CCDC183	84960	0.0000	0.0000	0.0000	0.0000	0.0000	0.0000	0.0000	0.0000	1.0000	0	
CCL16	6360	0.0000	0.0000	0.0000	0.0000	0.0000	0.0000	0.0000	0.0000	1.0000	0	
CCT6P1	643253	0.0000	0.0000	0.0000	0.0000	0.0000	0.0000	0.0000	0.0000	1.0000	0	
CDC27P1	647696	0.0000	0.0000	0.0000	0.0000	0.0000	0.0000	0.0000	0.0000	1.0000	0	
CDK2AP2P2	107133486	0.0000	0.0000	0.0000	0.0000	0.0000	0.0000	0.0000	0.0000	1.0000	0	
CDK2AP2P3	401525	0.0000	0.0000	0.0000	0.0000	0.0000	0.0000	0.0000	0.0000	1.0000	0	
CDKAL1	54901	0.0000	0.0000	0.0000	0.0000	0.0000	0.0000	0.0000	0.0000	1.0000	0	
CDR2	1039	0.0000	0.0000	0.0000	0.0000	0.0000	0.0000	0.0000	0.0000	1.0000	0	
CDYL2	124359	0.0000	0.0000	0.0000	0.0000	0.0000	0.0000	0.0000	0.0000	1.0000	0	
CELA3B	23436	0.0000	0.0000	0.0000	0.0000	0.0000	0.0000	0.0000	0.0000	1.0000	0	
CELF2	10659	0.0000	0.0000	0.0000	0.0000	0.0000	0.0000	0.0000	0.0000	1.0000	0	
CELP	1057	0.0000	0.0000	0.0000	0.0000	0.0000	0.0000	0.0000	0.0000	1.0000	0	
CEP89	84902	0.0000	0.0000	0.0000	0.0000	0.0000	0.0000	0.0000	0.0000	1.0000	0	
CERCAM	51148	0.0000	0.0000	0.0000	0.0000	0.0000	0.0000	0.0000	0.0000	1.0000	0	
CFTRP1	140871	0.0000	0.0000	0.0000	0.0000	0.0000	0.0000	0.0000	0.0000	1.0000	0	
CFTRP3	106481718	0.0000	0.0000	0.0000	0.0000	0.0000	0.0000	0.0000	0.0000	1.0000	0	
CGB2	114336	0.0000	0.0000	0.0000	0.0000	0.0000	0.0000	0.0000	0.0000	1.0000	0	
CHEK2P2	646096	0.0000	0.0000	0.0000	0.0000	0.0000	0.0000	0.0000	0.0000	1.0000	0	
CHI3L1	1116	0.0000	0.0000	0.0000	0.0000	0.0000	0.0000	0.0000	0.0000	1.0000	0	
CHMP6	79643	0.0000	0.0000	0.0000	0.0000	0.0000	0.0000	0.0000	0.0000	1.0000	0	
CILP2	148113	0.0000	0.0000	0.0000	0.0000	0.0000	0.0000	0.0000	0.0000	1.0000	0	
CKMT2	1160	0.0000	0.0000	0.0000	0.0000	0.0000	0.0000	0.0000	0.0000	1.0000	0	
CLIP4	79745	0.0000	0.0000	0.0000	0.0000	0.0000	0.0000	0.0000	0.0000	1.0000	0	
CLPB	81570	0.0000	0.0000	0.0000	0.0000	0.0000	0.0000	0.0000	0.0000	0.5000	0	
CLPTM1L	81037	0.0000	0.0000	0.0000	0.0000	0.0000	0.0000	0.0000	0.0000	1.0000	0	
CNN1	1264	0.0000	0.0000	0.0000	0.0000	0.0000	0.0000	0.0000	0.0000	1.0000	0	
CNTN3	5067	0.0000	0.0000	0.0000	0.0000	0.0000	0.0000	0.0000	0.0000	1.0000	0	
COL13A1	1305	0.0000	0.0000	0.0000	0.0000	0.0000	0.0000	0.0000	0.0000	0.5000	0	
COL19A1	1310	0.0000	0.0000	0.0000	0.0000	0.0000	0.0000	0.0000	0.0000	1.0000	0	
CRISPLD1	83690	0.0000	0.0000	0.0000	0.0000	0.0000	0.0000	0.0000	0.0000	1.0000	0	
CROCC	9696	0.0000	0.0000	0.0000	0.0000	0.0000	0.0000	0.0000	0.0000	1.0000	0	
CRTC1	23373	0.0000	0.0000	0.0000	0.0000	0.0000	0.0000	0.0000	0.0000	1.0000	0	
CRYZ	1429	0.0000	0.0000	0.0000	0.0000	0.0000	0.0000	0.0000	0.0000	1.0000	0	
CSMD1	64478	0.0000	0.0000	0.0000	0.0000	0.0000	0.0000	0.0000	0.0000	1.0000	0	
CSMD2	114784	0.0000	0.0000	0.0000	0.0000	0.0000	0.0000	0.0000	0.0000	1.0000	0	
CTAGE10P	220429	0.0000	0.0000	0.0000	0.0000	0.0000	0.0000	0.0000	0.0000	1.0000	0	
CTB-14A14.2	-1	0.0000	0.0000	0.0000	0.0000	0.0000	0.0000	0.0000	0.0000	1.0000	0	
CTB-88F18.2	-1	0.0000	0.0000	0.0000	0.0000	0.0000	0.0000	0.0000	0.0000	1.0000	0	
CTD-2057J6.1	-1	0.0000	0.0000	0.0000	0.0000	0.0000	0.0000	0.0000	0.0000	1.0000	0	
CTD-2554C21.1	-1	0.0000	0.0000	0.0000	0.0000	0.0000	0.0000	0.0000	0.0000	1.0000	0	
CTD-2561J22.2	-1	0.0000	0.0000	0.0000	0.0000	0.0000	0.0000	0.0000	0.0000	1.0000	0	
CTD-3105H18.4	-1	0.0000	0.0000	0.0000	0.0000	0.0000	0.0000	0.0000	0.0000	1.0000	0	
CTTN	2017	0.0000	0.0000	0.0000	0.0000	0.0000	0.0000	0.0000	0.0000	1.0000	0	
CYCSP34	360182	0.0000	0.0000	0.0000	0.0000	0.0000	0.0000	0.0000	0.0000	1.0000	0	
CYP4A11	1579	0.0000	0.0000	0.0000	0.0000	0.0000	0.0000	0.0000	0.0000	1.0000	0	
CYP4F12	66002	0.0000	0.0000	0.0000	0.0000	0.0000	0.0000	0.0000	0.0000	1.0000	0	
CYP4F24P	388514	0.0000	0.0000	0.0000	0.0000	0.0000	0.0000	0.0000	0.0000	1.0000	0	
DCAF6	55827	0.0000	0.0000	0.0000	0.0000	0.0000	0.0000	0.0000	0.0000	1.0000	0	
DCHS2	54798	0.0000	0.0000	0.0000	0.0000	0.0000	0.0000	0.0000	0.0000	1.0000	0	
DCLK1	9201	0.0000	0.0000	0.0000	0.0000	0.0000	0.0000	0.0000	0.0000	1.0000	0	
DDX12P	440081	0.0000	0.0000	0.0000	0.0000	0.0000	0.0000	0.0000	0.0000	1.0000	0	
DDX21	9188	0.0000	0.0000	0.0000	0.0000	0.0000	0.0000	0.0000	0.0000	1.0000	0	
DDX5	1655	0.0000	0.0000	0.0000	0.0000	0.0000	0.0000	0.0000	0.0000	1.0000	0	
DELE1	9812	0.0000	0.0000	0.0000	0.0000	0.0000	0.0000	0.0000	0.0000	1.0000	0	
DENND1B	163486	0.0000	0.0000	0.0000	0.0000	0.0000	0.0000	0.0000	0.0000	1.0000	0	
DGKG	1608	0.0000	0.0000	0.0000	0.0000	0.0000	0.0000	0.0000	0.0000	1.0000	0	
DGKI	9162	0.0000	0.0000	0.0000	0.0000	0.0000	0.0000	0.0000	0.0000	1.0000	0	
DNAH1	25981	0.0000	0.0000	0.0000	0.0000	0.0000	0.0000	0.0000	0.0000	1.0000	0	
DNAH17	8632	0.0000	0.0000	0.0000	0.0000	0.0000	0.0000	0.0000	0.0000	1.0000	0	
DNAH2	146754	0.0000	0.0000	0.0000	0.0000	0.0000	0.0000	0.0000	0.0000	1.0000	0	
DNAJC16	23341	0.0000	0.0000	0.0000	0.0000	0.0000	0.0000	0.0000	0.0000	1.0000	0	
DNM1P46	196968	0.0000	0.0000	0.0000	0.0000	0.0000	0.0000	0.0000	0.0000	1.0000	0	
DNM1P51	109729113	0.0000	0.0000	0.0000	0.0000	0.0000	0.0000	0.0000	0.0000	1.0000	0	
DOCK5	80005	0.0000	0.0000	0.0000	0.0000	0.0000	0.0000	0.0000	0.0000	1.0000	0	
DPEP1	1800	0.0000	0.0000	0.0000	0.0000	0.0000	0.0000	0.0000	0.0000	1.0000	0	
DSTYK	25778	0.0000	0.0000	0.0000	0.0000	0.0000	0.0000	0.0000	0.0000	1.0000	0	
DTX2P1	107161144	0.0000	0.0000	0.0000	0.0000	0.0000	0.0000	0.0000	0.0000	1.0000	0	
DTYMK	1841	0.0000	0.0000	0.0000	0.0000	0.0000	0.0000	0.0000	0.0000	1.0000	0	
DUSP22	56940	0.0000	0.0000	0.0000	0.0000	0.0000	0.0000	0.0000	0.0000	1.0000	0	
DVL1	1855	0.0000	0.0000	0.0000	0.0000	0.0000	0.0000	0.0000	0.0000	1.0000	0	
EFL1P1	648809	0.0000	0.0000	0.0000	0.0000	0.0000	0.0000	0.0000	0.0000	1.0000	0	
EIF3FP1	54053	0.0000	0.0000	0.0000	0.0000	0.0000	0.0000	0.0000	0.0000	1.0000	0	
EIF4A2	1974	0.0000	0.0000	0.0000	0.0000	0.0000	0.0000	0.0000	0.0000	1.0000	0	
EMC3-AS1	442075	0.0000	0.0000	0.0000	0.0000	0.0000	0.0000	0.0000	0.0000	1.0000	0	
ENTHD1	150350	0.0000	0.0000	0.0000	0.0000	0.0000	0.0000	0.0000	0.0000	1.0000	0	
ENTPD6	955	0.0000	0.0000	0.0000	0.0000	0.0000	0.0000	0.0000	0.0000	1.0000	0	
EPB41L3	23136	0.0000	0.0000	0.0000	0.0000	0.0000	0.0000	0.0000	0.0000	1.0000	0	
ERLEC1	27248	0.0000	0.0000	0.0000	0.0000	0.0000	0.0000	0.0000	0.0000	1.0000	0	
ERN2	10595	0.0000	0.0000	0.0000	0.0000	0.0000	0.0000	0.0000	0.0000	1.0000	0	
ESPNP	284729	0.0000	0.0000	0.0000	0.0000	0.0000	0.0000	0.0000	0.0000	1.0000	0	
ETF1	2107	0.0000	0.0000	0.0000	0.0000	0.0000	0.0000	0.0000	0.0000	1.0000	0	
EXOC2	55770	0.0000	0.0000	0.0000	0.0000	0.0000	0.0000	0.0000	0.0000	1.0000	0	
EXOG	9941	0.0000	0.0000	0.0000	0.0000	0.0000	0.0000	0.0000	0.0000	1.0000	0	
FAF2	23197	0.0000	0.0000	0.0000	0.0000	0.0000	0.0000	0.0000	0.0000	1.0000	0	
FAHD2B	151313	0.0000	0.0000	0.0000	0.0000	0.0000	0.0000	0.0000	0.0000	1.0000	0	
FAHD2CP	729234	0.0000	0.0000	0.0000	0.0000	0.0000	0.0000	0.0000	0.0000	1.0000	0	
FAM129A	116496	0.0000	0.0000	0.0000	0.0000	0.0000	0.0000	0.0000	0.0000	1.0000	0	
FAM13A	10144	0.0000	0.0000	0.0000	0.0000	0.0000	0.0000	0.0000	0.0000	1.0000	0	
FAM13B	51306	0.0000	0.0000	0.0000	0.0000	0.0000	0.0000	0.0000	0.0000	1.0000	0	
FAM172A	83989	0.0000	0.0000	0.0000	0.0000	0.0000	0.0000	0.0000	0.0000	1.0000	0	
FAM86DP	692099	0.0000	0.0000	0.0000	0.0000	0.0000	0.0000	0.0000	0.0000	1.0000	0	
FAM86FP	653113	0.0000	0.0000	0.0000	0.0000	0.0000	0.0000	0.0000	0.0000	1.0000	0	
FAM90A1	55138	0.0000	0.0000	0.0000	0.0000	0.0000	0.0000	0.0000	0.0000	1.0000	0	
FAM91A3P	729182	0.0000	0.0000	0.0000	0.0000	0.0000	0.0000	0.0000	0.0000	1.0000	0	
FAR2P1	440905	0.0000	0.0000	0.0000	0.0000	0.0000	0.0000	0.0000	0.0000	1.0000	0	
FBXL2	25827	0.0000	0.0000	0.0000	0.0000	0.0000	0.0000	0.0000	0.0000	1.0000	0	
FBXL6	26233	0.0000	0.0000	0.0000	0.0000	0.0000	0.0000	0.0000	0.0000	1.0000	0	
FCRL5	83416	0.0000	0.0000	0.0000	0.0000	0.0000	0.0000	0.0000	0.0000	1.0000	0	
FEZF1	389549	0.0000	0.0000	0.0000	0.0000	0.0000	0.0000	0.0000	0.0000	0.5000	0	
FGF12	2257	0.0000	0.0000	0.0000	0.0000	0.0000	0.0000	0.0000	0.0000	1.0000	0	
FOXD4	2298	0.0000	0.0000	0.0000	0.0000	0.0000	0.0000	0.0000	0.0000	1.0000	0	
FOXJ3	22887	0.0000	0.0000	0.0000	0.0000	0.0000	0.0000	0.0000	0.0000	1.0000	0	
FUBP3	8939	0.0000	0.0000	0.0000	0.0000	0.0000	0.0000	0.0000	0.0000	1.0000	0	
GALNT2	2590	0.0000	0.0000	0.0000	0.0000	0.0000	0.0000	0.0000	0.0000	1.0000	0	
GANAB	23193	0.0000	0.0000	0.0000	0.0000	0.0000	0.0000	0.0000	0.0000	1.0000	0	
GAPDHP35	647001	0.0000	0.0000	0.0000	0.0000	0.0000	0.0000	0.0000	0.0000	1.0000	0	
GCN1	10985	0.0000	0.0000	0.0000	0.0000	0.0000	0.0000	0.0000	0.0000	1.0000	0	
GHITM	27069	0.0000	0.0000	0.0000	0.0000	0.0000	0.0000	0.0000	0.0000	1.0000	0	
GKAP1	80318	0.0000	0.0000	0.0000	0.0000	0.0000	0.0000	0.0000	0.0000	1.0000	0	
GNB3	2784	0.0000	0.0000	0.0000	0.0000	0.0000	0.0000	0.0000	0.0000	0.5000	0	
GOLGA3	2802	0.0000	0.0000	0.0000	0.0000	0.0000	0.0000	0.0000	0.0000	1.0000	0	
GOLGA4	2803	0.0000	0.0000	0.0000	0.0000	0.0000	0.0000	0.0000	0.0000	1.0000	0	
GOLGA8UP	100507067	0.0000	0.0000	0.0000	0.0000	0.0000	0.0000	0.0000	0.0000	1.0000	0	
GPLD1	2822	0.0000	0.0000	0.0000	0.0000	0.0000	0.0000	0.0000	0.0000	1.0000	0	
GPM6A	2823	0.0000	0.0000	0.0000	0.0000	0.0000	0.0000	0.0000	0.0000	1.0000	0	
GRIA1	2890	0.0000	0.0000	0.0000	0.0000	0.0000	0.0000	0.0000	0.0000	1.0000	0	
GSTM2	2946	0.0000	0.0000	0.0000	0.0000	0.0000	0.0000	0.0000	0.0000	1.0000	0	
GTF2IP5	100420546	0.0000	0.0000	0.0000	0.0000	0.0000	0.0000	0.0000	0.0000	1.0000	0	
GUSBP8	441066	0.0000	0.0000	0.0000	0.0000	0.0000	0.0000	0.0000	0.0000	1.0000	0	
GYPE	2996	0.0000	0.0000	0.0000	0.0000	0.0000	0.0000	0.0000	0.0000	1.0000	0	
H2AFZ	3015	0.0000	0.0000	0.0000	0.0000	0.0000	0.0000	0.0000	0.0000	1.0000	0	
HAS1	3036	0.0000	0.0000	0.0000	0.0000	0.0000	0.0000	0.0000	0.0000	1.0000	0	
HCAR2	338442	0.0000	0.0000	0.0000	0.0000	0.0000	0.0000	0.0000	0.0000	1.0000	0	
HECTD3	79654	0.0000	0.0000	0.0000	0.0000	0.0000	0.0000	0.0000	0.0000	1.0000	0	
HIST1H1D	3007	0.0000	0.0000	0.0000	0.0000	0.0000	0.0000	0.0000	0.0000	1.0000	0	
HK2	3099	0.0000	0.0000	0.0000	0.0000	0.0000	0.0000	0.0000	0.0000	1.0000	0	
HLA-DPB1	3115	0.0000	0.0000	0.0000	0.0000	0.0000	0.0000	0.0000	0.0000	1.0000	0	
HLA-DQA2	3118	0.0000	0.0000	0.0000	0.0000	0.0000	0.0000	0.0000	0.0000	1.0000	0	
HLA-DRB6	3128	0.0000	0.0000	0.0000	0.0000	0.0000	0.0000	0.0000	0.0000	1.0000	0	
HMCN1	83872	0.0000	0.0000	0.0000	0.0000	0.0000	0.0000	0.0000	0.0000	1.0000	0	
HMGCR	3156	0.0000	0.0000	0.0000	0.0000	0.0000	0.0000	0.0000	0.0000	1.0000	0	
HMSD	284293	0.0000	0.0000	0.0000	0.0000	0.0000	0.0000	0.0000	0.0000	1.0000	0	
HNF4G	3174	0.0000	0.0000	0.0000	0.0000	0.0000	0.0000	0.0000	0.0000	1.0000	0	
HNRNPA1P33	728643	0.0000	0.0000	0.0000	0.0000	0.0000	0.0000	0.0000	0.0000	1.0000	0	
HNRNPA1P52	645001	0.0000	0.0000	0.0000	0.0000	0.0000	0.0000	0.0000	0.0000	1.0000	0	
HNRNPCL1	343069	0.0000	0.0000	0.0000	0.0000	0.0000	0.0000	0.0000	0.0000	1.0000	0	
HNRNPCL4	101060301	0.0000	0.0000	0.0000	0.0000	0.0000	0.0000	0.0000	0.0000	1.0000	0	
HOXC6	3223	0.0000	0.0000	0.0000	0.0000	0.0000	0.0000	0.0000	0.0000	1.0000	0	
HSPBP1	23640	0.0000	0.0000	0.0000	0.0000	0.0000	0.0000	0.0000	0.0000	1.0000	0	
HSPD1P3	3332	0.0000	0.0000	0.0000	0.0000	0.0000	0.0000	0.0000	0.0000	1.0000	0	
HTR3D	200909	0.0000	0.0000	0.0000	0.0000	0.0000	0.0000	0.0000	0.0000	1.0000	0	
ID2	3398	0.0000	0.0000	0.0000	0.0000	0.0000	0.0000	0.0000	0.0000	1.0000	0	
IDO2	169355	0.0000	0.0000	0.0000	0.0000	0.0000	0.0000	0.0000	0.0000	1.0000	0	
IGF2	3481	0.0000	0.0000	0.0000	0.0000	0.0000	0.0000	0.0000	0.0000	1.0000	0	
IGFBPL1	347252	0.0000	0.0000	0.0000	0.0000	0.0000	0.0000	0.0000	0.0000	1.0000	0	
IGHGP	3505	0.0000	0.0000	0.0000	0.0000	0.0000	0.0000	0.0000	0.0000	1.0000	0	
IGHV3-30-2	28438	0.0000	0.0000	0.0000	0.0000	0.0000	0.0000	0.0000	0.0000	1.0000	0	
IGHV3-42	28427	0.0000	0.0000	0.0000	0.0000	0.0000	0.0000	0.0000	0.0000	1.0000	0	
IGHV3-43	28426	0.0000	0.0000	0.0000	0.0000	0.0000	0.0000	0.0000	0.0000	1.0000	0	
IGHV3-60	28417	0.0000	0.0000	0.0000	0.0000	0.0000	0.0000	0.0000	0.0000	1.0000	0	
IGHV3-62	28416	0.0000	0.0000	0.0000	0.0000	0.0000	0.0000	0.0000	0.0000	1.0000	0	
IGHV4-55	28393	0.0000	0.0000	0.0000	0.0000	0.0000	0.0000	0.0000	0.0000	1.0000	0	
IGHV7-40	28381	0.0000	0.0000	0.0000	0.0000	0.0000	0.0000	0.0000	0.0000	1.0000	0	
IGLV1-41	28824	0.0000	0.0000	0.0000	0.0000	0.0000	0.0000	0.0000	0.0000	1.0000	0	
IL23A	51561	0.0000	0.0000	0.0000	0.0000	0.0000	0.0000	0.0000	0.0000	1.0000	0	
ILF3	3609	0.0000	0.0000	0.0000	0.0000	0.0000	0.0000	0.0000	0.0000	1.0000	0	
IMPDH2	3615	0.0000	0.0000	0.0000	0.0000	0.0000	0.0000	0.0000	0.0000	1.0000	0	
ING5	84289	0.0000	0.0000	0.0000	0.0000	0.0000	0.0000	0.0000	0.0000	1.0000	0	
INTS3	65123	0.0000	0.0000	0.0000	0.0000	0.0000	0.0000	0.0000	0.0000	1.0000	0	
IQCH	64799	0.0000	0.0000	0.0000	0.0000	0.0000	0.0000	0.0000	0.0000	1.0000	0	
IST1	9798	0.0000	0.0000	0.0000	0.0000	0.0000	0.0000	0.0000	0.0000	1.0000	0	
IZUMO2	126123	0.0000	0.0000	0.0000	0.0000	0.0000	0.0000	0.0000	0.0000	1.0000	0	
KCNN3	3782	0.0000	0.0000	0.0000	0.0000	0.0000	0.0000	0.0000	0.0000	1.0000	0	
KCNT2	343450	0.0000	0.0000	0.0000	0.0000	0.0000	0.0000	0.0000	0.0000	1.0000	0	
KDM3B	51780	0.0000	0.0000	0.0000	0.0000	0.0000	0.0000	0.0000	0.0000	1.0000	0	
KDM5A	5927	0.0000	0.0000	0.0000	0.0000	0.0000	0.0000	0.0000	0.0000	1.0000	0	
KIAA1109	84162	0.0000	0.0000	0.0000	0.0000	0.0000	0.0000	0.0000	0.0000	1.0000	0	
KIF12	113220	0.0000	0.0000	0.0000	0.0000	0.0000	0.0000	0.0000	0.0000	1.0000	0	
KIF3B	9371	0.0000	0.0000	0.0000	0.0000	0.0000	0.0000	0.0000	0.0000	1.0000	0	
KLF3	51274	0.0000	0.0000	0.0000	0.0000	0.0000	0.0000	0.0000	0.0000	1.0000	0	
KLF7	8609	0.0000	0.0000	0.0000	0.0000	0.0000	0.0000	0.0000	0.0000	1.0000	0	
KPNB1	3837	0.0000	0.0000	0.0000	0.0000	0.0000	0.0000	0.0000	0.0000	1.0000	0	
KRT16P2	400578	0.0000	0.0000	0.0000	0.0000	0.0000	0.0000	0.0000	0.0000	1.0000	0	
KRT16P6	353194	0.0000	0.0000	0.0000	0.0000	0.0000	0.0000	0.0000	0.0000	1.0000	0	
KRT17P1	147228	0.0000	0.0000	0.0000	0.0000	0.0000	0.0000	0.0000	0.0000	1.0000	0	
KRT8P35	100418747	0.0000	0.0000	0.0000	0.0000	0.0000	0.0000	0.0000	0.0000	1.0000	0	
KRT8P37	100287325	0.0000	0.0000	0.0000	0.0000	0.0000	0.0000	0.0000	0.0000	1.0000	0	
KRTAP21-4P	337986	0.0000	0.0000	0.0000	0.0000	0.0000	0.0000	0.0000	0.0000	1.0000	0	
LA16c-60G3.8	-1	0.0000	0.0000	0.0000	0.0000	0.0000	0.0000	0.0000	0.0000	1.0000	0	
LACRT	90070	0.0000	0.0000	0.0000	0.0000	0.0000	0.0000	0.0000	0.0000	1.0000	0	
LAPTM4BP2	107075219	0.0000	0.0000	0.0000	0.0000	0.0000	0.0000	0.0000	0.0000	1.0000	0	
LCLAT1	253558	0.0000	0.0000	0.0000	0.0000	0.0000	0.0000	0.0000	0.0000	1.0000	0	
LCOR	84458	0.0000	0.0000	0.0000	0.0000	0.0000	0.0000	0.0000	0.0000	1.0000	0	
LGMNP1	122199	0.0000	0.0000	0.0000	0.0000	0.0000	0.0000	0.0000	0.0000	1.0000	0	
LHPP	64077	0.0000	0.0000	0.0000	0.0000	0.0000	0.0000	0.0000	0.0000	1.0000	0	
LILRP1	79167	0.0000	0.0000	0.0000	0.0000	0.0000	0.0000	0.0000	0.0000	1.0000	0	
LINC00537	203274	0.0000	0.0000	0.0000	0.0000	0.0000	0.0000	0.0000	0.0000	1.0000	0	
LL22NC03-80A10.6	-1	0.0000	0.0000	0.0000	0.0000	0.0000	0.0000	0.0000	0.0000	1.0000	0	
LSAMP	4045	0.0000	0.0000	0.0000	0.0000	0.0000	0.0000	0.0000	0.0000	1.0000	0	
LYZL2	119180	0.0000	0.0000	0.0000	0.0000	0.0000	0.0000	0.0000	0.0000	1.0000	0	
LZTR1	8216	0.0000	0.0000	0.0000	0.0000	0.0000	0.0000	0.0000	0.0000	1.0000	0	
MACF1	23499	0.0000	0.0000	0.0000	0.0000	0.0000	0.0000	0.0000	0.0000	1.0000	0	
MAP1LC3B	81631	0.0000	0.0000	0.0000	0.0000	0.0000	0.0000	0.0000	0.0000	1.0000	0	
MAP3K21	84451	0.0000	0.0000	0.0000	0.0000	0.0000	0.0000	0.0000	0.0000	1.0000	0	
MAPK10	5602	0.0000	0.0000	0.0000	0.0000	0.0000	0.0000	0.0000	0.0000	1.0000	0	
MAPKBP1	23005	0.0000	0.0000	0.0000	0.0000	0.0000	0.0000	0.0000	0.0000	0.5000	0	
MARK2	2011	0.0000	0.0000	0.0000	0.0000	0.0000	0.0000	0.0000	0.0000	1.0000	0	
MARK2P11	100421484	0.0000	0.0000	0.0000	0.0000	0.0000	0.0000	0.0000	0.0000	1.0000	0	
MDM4	4194	0.0000	0.0000	0.0000	0.0000	0.0000	0.0000	0.0000	0.0000	1.0000	0	
MDS2	259283	0.0000	0.0000	0.0000	0.0000	0.0000	0.0000	0.0000	0.0000	1.0000	0	
MED1	5469	0.0000	0.0000	0.0000	0.0000	0.0000	0.0000	0.0000	0.0000	1.0000	0	
MED15P4	100127989	0.0000	0.0000	0.0000	0.0000	0.0000	0.0000	0.0000	0.0000	1.0000	0	
MED15P9	285103	0.0000	0.0000	0.0000	0.0000	0.0000	0.0000	0.0000	0.0000	1.0000	0	
MED16	10025	0.0000	0.0000	0.0000	0.0000	0.0000	0.0000	0.0000	0.0000	1.0000	0	
MFN1	55669	0.0000	0.0000	0.0000	0.0000	0.0000	0.0000	0.0000	0.0000	1.0000	0	
MFSD1	64747	0.0000	0.0000	0.0000	0.0000	0.0000	0.0000	0.0000	0.0000	1.0000	0	
MGAM	8972	0.0000	0.0000	0.0000	0.0000	0.0000	0.0000	0.0000	0.0000	1.0000	0	
MGST2	4258	0.0000	0.0000	0.0000	0.0000	0.0000	0.0000	0.0000	0.0000	1.0000	0	
MICALL1	85377	0.0000	0.0000	0.0000	0.0000	0.0000	0.0000	0.0000	0.0000	1.0000	0	
MKNK2	2872	0.0000	0.0000	0.0000	0.0000	0.0000	0.0000	0.0000	0.0000	1.0000	0	
MLLT10P1	140678	0.0000	0.0000	0.0000	0.0000	0.0000	0.0000	0.0000	0.0000	1.0000	0	
MLLT10P2	106480724	0.0000	0.0000	0.0000	0.0000	0.0000	0.0000	0.0000	0.0000	1.0000	0	
MMP7	4316	0.0000	0.0000	0.0000	0.0000	0.0000	0.0000	0.0000	0.0000	1.0000	0	
MMP8	4317	0.0000	0.0000	0.0000	0.0000	0.0000	0.0000	0.0000	0.0000	1.0000	0	
MORC2	22880	0.0000	0.0000	0.0000	0.0000	0.0000	0.0000	0.0000	0.0000	1.0000	0	
MROH8	140699	0.0000	0.0000	0.0000	0.0000	0.0000	0.0000	0.0000	0.0000	1.0000	0	
MRVI1	10335	0.0000	0.0000	0.0000	0.0000	0.0000	0.0000	0.0000	0.0000	1.0000	0	
MUC17	140453	0.0000	0.0000	0.0000	0.0000	0.0000	0.0000	0.0000	0.0000	1.0000	0	
MUC4	4585	0.0000	0.0000	0.0000	0.0000	0.0000	0.0000	0.0000	0.0000	1.0000	0	
MUC5AC	4586	0.0000	0.0000	0.0000	0.0000	0.0000	0.0000	0.0000	0.0000	1.0000	0	
MXI1	4601	0.0000	0.0000	0.0000	0.0000	0.0000	0.0000	0.0000	0.0000	1.0000	0	
MYBBP1A	10514	0.0000	0.0000	0.0000	0.0000	0.0000	0.0000	0.0000	0.0000	1.0000	0	
MYH10	4628	0.0000	0.0000	0.0000	0.0000	0.0000	0.0000	0.0000	0.0000	1.0000	0	
MYL1	4632	0.0000	0.0000	0.0000	0.0000	0.0000	0.0000	0.0000	0.0000	1.0000	0	
MYO10	4651	0.0000	0.0000	0.0000	0.0000	0.0000	0.0000	0.0000	0.0000	1.0000	0	
MYO1G	64005	0.0000	0.0000	0.0000	0.0000	0.0000	0.0000	0.0000	0.0000	1.0000	0	
MYO5BP3	441442	0.0000	0.0000	0.0000	0.0000	0.0000	0.0000	0.0000	0.0000	1.0000	0	
MYO5C	55930	0.0000	0.0000	0.0000	0.0000	0.0000	0.0000	0.0000	0.0000	1.0000	0	
MYOF	26509	0.0000	0.0000	0.0000	0.0000	0.0000	0.0000	0.0000	0.0000	1.0000	0	
N4BP2	55728	0.0000	0.0000	0.0000	0.0000	0.0000	0.0000	0.0000	0.0000	1.0000	0	
NAV1	89796	0.0000	0.0000	0.0000	0.0000	0.0000	0.0000	0.0000	0.0000	1.0000	0	
NBPF14	25832	0.0000	0.0000	0.0000	0.0000	0.0000	0.0000	0.0000	0.0000	1.0000	0	
NBPF17P	401967	0.0000	0.0000	0.0000	0.0000	0.0000	0.0000	0.0000	0.0000	1.0000	0	
NCAM2	4685	0.0000	0.0000	0.0000	0.0000	0.0000	0.0000	0.0000	0.0000	1.0000	0	
NCAPD2	9918	0.0000	0.0000	0.0000	0.0000	0.0000	0.0000	0.0000	0.0000	1.0000	0	
NCKAP1L	3071	0.0000	0.0000	0.0000	0.0000	0.0000	0.0000	0.0000	0.0000	1.0000	0	
NCOA2	10499	0.0000	0.0000	0.0000	0.0000	0.0000	0.0000	0.0000	0.0000	1.0000	0	
NCOR1	9611	0.0000	0.0000	0.0000	0.0000	0.0000	0.0000	0.0000	0.0000	1.0000	0	
NCOR1P1	149934	0.0000	0.0000	0.0000	0.0000	0.0000	0.0000	0.0000	0.0000	1.0000	0	
NCOR1P2	729490	0.0000	0.0000	0.0000	0.0000	0.0000	0.0000	0.0000	0.0000	1.0000	0	
NDUFA5P12	100288013	0.0000	0.0000	0.0000	0.0000	0.0000	0.0000	0.0000	0.0000	1.0000	0	
NF1P1	100419006	0.0000	0.0000	0.0000	0.0000	0.0000	0.0000	0.0000	0.0000	1.0000	0	
NF1P2	440225	0.0000	0.0000	0.0000	0.0000	0.0000	0.0000	0.0000	0.0000	1.0000	0	
NMNAT1P4	100132841	0.0000	0.0000	0.0000	0.0000	0.0000	0.0000	0.0000	0.0000	1.0000	0	
NOC2L	26155	0.0000	0.0000	0.0000	0.0000	0.0000	0.0000	0.0000	0.0000	1.0000	0	
NOC2LP1	643276	0.0000	0.0000	0.0000	0.0000	0.0000	0.0000	0.0000	0.0000	1.0000	0	
NOC2LP2	401010	0.0000	0.0000	0.0000	0.0000	0.0000	0.0000	0.0000	0.0000	1.0000	0	
NOD1	10392	0.0000	0.0000	0.0000	0.0000	0.0000	0.0000	0.0000	0.0000	1.0000	0	
NR5A2	2494	0.0000	0.0000	0.0000	0.0000	0.0000	0.0000	0.0000	0.0000	1.0000	0	
NSF	4905	0.0000	0.0000	0.0000	0.0000	0.0000	0.0000	0.0000	0.0000	1.0000	0	
NSMAF	8439	0.0000	0.0000	0.0000	0.0000	0.0000	0.0000	0.0000	0.0000	1.0000	0	
NSUN4	387338	0.0000	0.0000	0.0000	0.0000	0.0000	0.0000	0.0000	0.0000	1.0000	0	
NTN1	9423	0.0000	0.0000	0.0000	0.0000	0.0000	0.0000	0.0000	0.0000	1.0000	0	
NTSR1	4923	0.0000	0.0000	0.0000	0.0000	0.0000	0.0000	0.0000	0.0000	1.0000	0	
NUB1	51667	0.0000	0.0000	0.0000	0.0000	0.0000	0.0000	0.0000	0.0000	1.0000	0	
OBP2B	29989	0.0000	0.0000	0.0000	0.0000	0.0000	0.0000	0.0000	0.0000	1.0000	0	
OBSCN	84033	0.0000	0.0000	0.0000	0.0000	0.0000	0.0000	0.0000	0.0000	1.0000	0	
OR10AD1	121275	0.0000	0.0000	0.0000	0.0000	0.0000	0.0000	0.0000	0.0000	1.0000	0	
OR10G1P	26540	0.0000	0.0000	0.0000	0.0000	0.0000	0.0000	0.0000	0.0000	1.0000	0	
OR11H13P	440159	0.0000	0.0000	0.0000	0.0000	0.0000	0.0000	0.0000	0.0000	1.0000	0	
OR11H3P	81113	0.0000	0.0000	0.0000	0.0000	0.0000	0.0000	0.0000	0.0000	1.0000	0	
OR2A15P	135942	0.0000	0.0000	0.0000	0.0000	0.0000	0.0000	0.0000	0.0000	1.0000	0	
OR2T32P	403241	0.0000	0.0000	0.0000	0.0000	0.0000	0.0000	0.0000	0.0000	1.0000	0	
OR4N1P	79322	0.0000	0.0000	0.0000	0.0000	0.0000	0.0000	0.0000	0.0000	1.0000	0	
OR4N3P	390539	0.0000	0.0000	0.0000	0.0000	0.0000	0.0000	0.0000	0.0000	1.0000	0	
OR4Q1P	81104	0.0000	0.0000	0.0000	0.0000	0.0000	0.0000	0.0000	0.0000	1.0000	0	
OR5BN1P	81204	0.0000	0.0000	0.0000	0.0000	0.0000	0.0000	0.0000	0.0000	1.0000	0	
OR9G3P	81159	0.0000	0.0000	0.0000	0.0000	0.0000	0.0000	0.0000	0.0000	1.0000	0	
OVOL2	58495	0.0000	0.0000	0.0000	0.0000	0.0000	0.0000	0.0000	0.0000	1.0000	0	
PARN	5073	0.0000	0.0000	0.0000	0.0000	0.0000	0.0000	0.0000	0.0000	1.0000	0	
PARP12	64761	0.0000	0.0000	0.0000	0.0000	0.0000	0.0000	0.0000	0.0000	1.0000	0	
PARVB	29780	0.0000	0.0000	0.0000	0.0000	0.0000	0.0000	0.0000	0.0000	1.0000	0	
PCMT1	5110	0.0000	0.0000	0.0000	0.0000	0.0000	0.0000	0.0000	0.0000	1.0000	0	
PCMTD1P2	100287647	0.0000	0.0000	0.0000	0.0000	0.0000	0.0000	0.0000	0.0000	1.0000	0	
PCYT1A	5130	0.0000	0.0000	0.0000	0.0000	0.0000	0.0000	0.0000	0.0000	0.5000	0	
PDAP1	11333	0.0000	0.0000	0.0000	0.0000	0.0000	0.0000	0.0000	0.0000	1.0000	0	
PDCD4	27250	0.0000	0.0000	0.0000	0.0000	0.0000	0.0000	0.0000	0.0000	1.0000	0	
PDCL3P4	285359	0.0000	0.0000	0.0000	0.0000	0.0000	0.0000	0.0000	0.0000	1.0000	0	
PDE1C	5137	0.0000	0.0000	0.0000	0.0000	0.0000	0.0000	0.0000	0.0000	1.0000	0	
PDE2A	5138	0.0000	0.0000	0.0000	0.0000	0.0000	0.0000	0.0000	0.0000	1.0000	0	
PDZD2	23037	0.0000	0.0000	0.0000	0.0000	0.0000	0.0000	0.0000	0.0000	1.0000	0	
PDZRN3	23024	0.0000	0.0000	0.0000	0.0000	0.0000	0.0000	0.0000	0.0000	1.0000	0	
PGGT1BP1	653895	0.0000	0.0000	0.0000	0.0000	0.0000	0.0000	0.0000	0.0000	1.0000	0	
PGLYRP4	57115	0.0000	0.0000	0.0000	0.0000	0.0000	0.0000	0.0000	0.0000	1.0000	0	
PGPEP1L	145814	0.0000	0.0000	0.0000	0.0000	0.0000	0.0000	0.0000	0.0000	1.0000	0	
PHC1P1	653441	0.0000	0.0000	0.0000	0.0000	0.0000	0.0000	0.0000	0.0000	1.0000	0	
PHLDB1	23187	0.0000	0.0000	0.0000	0.0000	0.0000	0.0000	0.0000	0.0000	1.0000	0	
PI4KB	5298	0.0000	0.0000	0.0000	0.0000	0.0000	0.0000	0.0000	0.0000	1.0000	0	
PIK3C2A	5286	0.0000	0.0000	0.0000	0.0000	0.0000	0.0000	0.0000	0.0000	1.0000	0	
PIK3CD	5293	0.0000	0.0000	0.0000	0.0000	0.0000	0.0000	0.0000	0.0000	1.0000	0	
PIP4K2A	5305	0.0000	0.0000	0.0000	0.0000	0.0000	0.0000	0.0000	0.0000	1.0000	0	
PIWIL1	9271	0.0000	0.0000	0.0000	0.0000	0.0000	0.0000	0.0000	0.0000	1.0000	0	
PKN1	5585	0.0000	0.0000	0.0000	0.0000	0.0000	0.0000	0.0000	0.0000	1.0000	0	
PLEKHA6	22874	0.0000	0.0000	0.0000	0.0000	0.0000	0.0000	0.0000	0.0000	1.0000	0	
PLEKHA8	84725	0.0000	0.0000	0.0000	0.0000	0.0000	0.0000	0.0000	0.0000	1.0000	0	
PLEKHB2	55041	0.0000	0.0000	0.0000	0.0000	0.0000	0.0000	0.0000	0.0000	1.0000	0	
PMS2CL	441194	0.0000	0.0000	0.0000	0.0000	0.0000	0.0000	0.0000	0.0000	1.0000	0	
POLR2E	5434	0.0000	0.0000	0.0000	0.0000	0.0000	0.0000	0.0000	0.0000	1.0000	0	
POTEKP	440915	0.0000	0.0000	0.0000	0.0000	0.0000	0.0000	0.0000	0.0000	1.0000	0	
PPIAP47	391532	0.0000	0.0000	0.0000	0.0000	0.0000	0.0000	0.0000	0.0000	1.0000	0	
PPIAP84	111082984	0.0000	0.0000	0.0000	0.0000	0.0000	0.0000	0.0000	0.0000	1.0000	0	
PPIH	10465	0.0000	0.0000	0.0000	0.0000	0.0000	0.0000	0.0000	0.0000	1.0000	0	
PPM1A	5494	0.0000	0.0000	0.0000	0.0000	0.0000	0.0000	0.0000	0.0000	1.0000	0	
PPM1B	5495	0.0000	0.0000	0.0000	0.0000	0.0000	0.0000	0.0000	0.0000	1.0000	0	
PPP3CC	5533	0.0000	0.0000	0.0000	0.0000	0.0000	0.0000	0.0000	0.0000	1.0000	0	
PRAMEF4	400735	0.0000	0.0000	0.0000	0.0000	0.0000	0.0000	0.0000	0.0000	1.0000	0	
PRKAG1	5571	0.0000	0.0000	0.0000	0.0000	0.0000	0.0000	0.0000	0.0000	1.0000	0	
PRLR	5618	0.0000	0.0000	0.0000	0.0000	0.0000	0.0000	0.0000	0.0000	1.0000	0	
PROSER3	148137	0.0000	0.0000	0.0000	0.0000	0.0000	0.0000	0.0000	0.0000	1.0000	0	
PRSS3P1	168330	0.0000	0.0000	0.0000	0.0000	0.0000	0.0000	0.0000	0.0000	1.0000	0	
PSG7	5676	0.0000	0.0000	0.0000	0.0000	0.0000	0.0000	0.0000	0.0000	1.0000	0	
PSMA3	5684	0.0000	0.0000	0.0000	0.0000	0.0000	0.0000	0.0000	0.0000	1.0000	0	
PSMC1P12	644094	0.0000	0.0000	0.0000	0.0000	0.0000	0.0000	0.0000	0.0000	1.0000	0	
PSMD1	5707	0.0000	0.0000	0.0000	0.0000	0.0000	0.0000	0.0000	0.0000	1.0000	0	
PTCHD3P3	100533665	0.0000	0.0000	0.0000	0.0000	0.0000	0.0000	0.0000	0.0000	1.0000	0	
PTGER3	5733	0.0000	0.0000	0.0000	0.0000	0.0000	0.0000	0.0000	0.0000	1.0000	0	
PTGES3P3	441050	0.0000	0.0000	0.0000	0.0000	0.0000	0.0000	0.0000	0.0000	1.0000	0	
PTK2B	2185	0.0000	0.0000	0.0000	0.0000	0.0000	0.0000	0.0000	0.0000	1.0000	0	
PTN	5764	0.0000	0.0000	0.0000	0.0000	0.0000	0.0000	0.0000	0.0000	1.0000	0	
PTPA	5524	0.0000	0.0000	0.0000	0.0000	0.0000	0.0000	0.0000	0.0000	1.0000	0	
PTPRA	5786	0.0000	0.0000	0.0000	0.0000	0.0000	0.0000	0.0000	0.0000	1.0000	0	
PTPRN2	5799	0.0000	0.0000	0.0000	0.0000	0.0000	0.0000	0.0000	0.0000	1.0000	0	
PTPRR	5801	0.0000	0.0000	0.0000	0.0000	0.0000	0.0000	0.0000	0.0000	1.0000	0	
PYROXD2	84795	0.0000	0.0000	0.0000	0.0000	0.0000	0.0000	0.0000	0.0000	1.0000	0	
R3HDM1	23518	0.0000	0.0000	0.0000	0.0000	0.0000	0.0000	0.0000	0.0000	1.0000	0	
R3HDM2	22864	0.0000	0.0000	0.0000	0.0000	0.0000	0.0000	0.0000	0.0000	1.0000	0	
RAB24	53917	0.0000	0.0000	0.0000	0.0000	0.0000	0.0000	0.0000	0.0000	1.0000	0	
RAD52	5893	0.0000	0.0000	0.0000	0.0000	0.0000	0.0000	0.0000	0.0000	1.0000	0	
RAP2B	5912	0.0000	0.0000	0.0000	0.0000	0.0000	0.0000	0.0000	0.0000	1.0000	0	
RAPGEF5	9771	0.0000	0.0000	0.0000	0.0000	0.0000	0.0000	0.0000	0.0000	1.0000	0	
RBBP4P4	727842	0.0000	0.0000	0.0000	0.0000	0.0000	0.0000	0.0000	0.0000	1.0000	0	
RBM22P3	100128867	0.0000	0.0000	0.0000	0.0000	0.0000	0.0000	0.0000	0.0000	1.0000	0	
RBMS3	27303	0.0000	0.0000	0.0000	0.0000	0.0000	0.0000	0.0000	0.0000	1.0000	0	
RBMXP2	441391	0.0000	0.0000	0.0000	0.0000	0.0000	0.0000	0.0000	0.0000	1.0000	0	
RCOR1	23186	0.0000	0.0000	0.0000	0.0000	0.0000	0.0000	0.0000	0.0000	1.0000	0	
REG3G	130120	0.0000	0.0000	0.0000	0.0000	0.0000	0.0000	0.0000	0.0000	1.0000	0	
RERE	473	0.0000	0.0000	0.0000	0.0000	0.0000	0.0000	0.0000	0.0000	1.0000	0	
REXO5	81691	0.0000	0.0000	0.0000	0.0000	0.0000	0.0000	0.0000	0.0000	1.0000	0	
RHOQP3	284988	0.0000	0.0000	0.0000	0.0000	0.0000	0.0000	0.0000	0.0000	1.0000	0	
RHPN2	85415	0.0000	0.0000	0.0000	0.0000	0.0000	0.0000	0.0000	0.0000	1.0000	0	
RNF123	63891	0.0000	0.0000	0.0000	0.0000	0.0000	0.0000	0.0000	0.0000	1.0000	0	
RNF141	50862	0.0000	0.0000	0.0000	0.0000	0.0000	0.0000	0.0000	0.0000	1.0000	0	
RNF17	56163	0.0000	0.0000	0.0000	0.0000	0.0000	0.0000	0.0000	0.0000	1.0000	0	
RNF220	55182	0.0000	0.0000	0.0000	0.0000	0.0000	0.0000	0.0000	0.0000	1.0000	0	
RP1-144F13.4	-1	0.0000	0.0000	0.0000	0.0000	0.0000	0.0000	0.0000	0.0000	1.0000	0	
RP11-108M12.2	-1	0.0000	0.0000	0.0000	0.0000	0.0000	0.0000	0.0000	0.0000	1.0000	0	
RP11-111G23.1	-1	0.0000	0.0000	0.0000	0.0000	0.0000	0.0000	0.0000	0.0000	1.0000	0	
RP11-114H24.2	-1	0.0000	0.0000	0.0000	0.0000	0.0000	0.0000	0.0000	0.0000	1.0000	0	
RP11-1166P10.6	-1	0.0000	0.0000	0.0000	0.0000	0.0000	0.0000	0.0000	0.0000	1.0000	0	
RP11-1180F24.1	-1	0.0000	0.0000	0.0000	0.0000	0.0000	0.0000	0.0000	0.0000	1.0000	0	
RP11-160C18.2	-1	0.0000	0.0000	0.0000	0.0000	0.0000	0.0000	0.0000	0.0000	1.0000	0	
RP11-196D18.2	-1	0.0000	0.0000	0.0000	0.0000	0.0000	0.0000	0.0000	0.0000	1.0000	0	
RP11-196G18.1	-1	0.0000	0.0000	0.0000	0.0000	0.0000	0.0000	0.0000	0.0000	1.0000	0	
RP11-203I2.1	-1	0.0000	0.0000	0.0000	0.0000	0.0000	0.0000	0.0000	0.0000	1.0000	0	
RP11-213G2.3	-1	0.0000	0.0000	0.0000	0.0000	0.0000	0.0000	0.0000	0.0000	1.0000	0	
RP11-215G15.4	-1	0.0000	0.0000	0.0000	0.0000	0.0000	0.0000	0.0000	0.0000	1.0000	0	
RP11-22B23.1	-1	0.0000	0.0000	0.0000	0.0000	0.0000	0.0000	0.0000	0.0000	1.0000	0	
RP11-23E10.4	-1	0.0000	0.0000	0.0000	0.0000	0.0000	0.0000	0.0000	0.0000	1.0000	0	
RP11-244H18.4	-1	0.0000	0.0000	0.0000	0.0000	0.0000	0.0000	0.0000	0.0000	1.0000	0	
RP11-252A24.2	-1	0.0000	0.0000	0.0000	0.0000	0.0000	0.0000	0.0000	0.0000	1.0000	0	
RP11-313J2.1	-1	0.0000	0.0000	0.0000	0.0000	0.0000	0.0000	0.0000	0.0000	1.0000	0	
RP11-318K12.3	-1	0.0000	0.0000	0.0000	0.0000	0.0000	0.0000	0.0000	0.0000	1.0000	0	
RP11-32B5.1	-1	0.0000	0.0000	0.0000	0.0000	0.0000	0.0000	0.0000	0.0000	1.0000	0	
RP11-32B5.2	-1	0.0000	0.0000	0.0000	0.0000	0.0000	0.0000	0.0000	0.0000	1.0000	0	
RP11-332P22.2	-1	0.0000	0.0000	0.0000	0.0000	0.0000	0.0000	0.0000	0.0000	1.0000	0	
RP11-351I21.6	-1	0.0000	0.0000	0.0000	0.0000	0.0000	0.0000	0.0000	0.0000	1.0000	0	
RP11-351I21.7	-1	0.0000	0.0000	0.0000	0.0000	0.0000	0.0000	0.0000	0.0000	1.0000	0	
RP11-353N4.2	-1	0.0000	0.0000	0.0000	0.0000	0.0000	0.0000	0.0000	0.0000	1.0000	0	
RP11-365D23.4	-1	0.0000	0.0000	0.0000	0.0000	0.0000	0.0000	0.0000	0.0000	1.0000	0	
RP11-408E5.4	-1	0.0000	0.0000	0.0000	0.0000	0.0000	0.0000	0.0000	0.0000	1.0000	0	
RP11-424E7.3	-1	0.0000	0.0000	0.0000	0.0000	0.0000	0.0000	0.0000	0.0000	1.0000	0	
RP11-514O12.4	-1	0.0000	0.0000	0.0000	0.0000	0.0000	0.0000	0.0000	0.0000	1.0000	0	
RP11-526D8.7	-1	0.0000	0.0000	0.0000	0.0000	0.0000	0.0000	0.0000	0.0000	1.0000	0	
RP11-564D11.3	-1	0.0000	0.0000	0.0000	0.0000	0.0000	0.0000	0.0000	0.0000	1.0000	0	
RP11-597A11.1	-1	0.0000	0.0000	0.0000	0.0000	0.0000	0.0000	0.0000	0.0000	1.0000	0	
RP11-597A11.3	-1	0.0000	0.0000	0.0000	0.0000	0.0000	0.0000	0.0000	0.0000	1.0000	0	
RP11-5P18.10	-1	0.0000	0.0000	0.0000	0.0000	0.0000	0.0000	0.0000	0.0000	1.0000	0	
RP11-603B24.2	-1	0.0000	0.0000	0.0000	0.0000	0.0000	0.0000	0.0000	0.0000	1.0000	0	
RP11-611O2.2	-1	0.0000	0.0000	0.0000	0.0000	0.0000	0.0000	0.0000	0.0000	1.0000	0	
RP11-618I10.1	-1	0.0000	0.0000	0.0000	0.0000	0.0000	0.0000	0.0000	0.0000	1.0000	0	
RP11-65D24.2	-1	0.0000	0.0000	0.0000	0.0000	0.0000	0.0000	0.0000	0.0000	1.0000	0	
RP11-707M1.1	-1	0.0000	0.0000	0.0000	0.0000	0.0000	0.0000	0.0000	0.0000	1.0000	0	
RP11-748H22.2	-1	0.0000	0.0000	0.0000	0.0000	0.0000	0.0000	0.0000	0.0000	1.0000	0	
RP11-754I20.1	-1	0.0000	0.0000	0.0000	0.0000	0.0000	0.0000	0.0000	0.0000	1.0000	0	
RP11-763B22.9	-1	0.0000	0.0000	0.0000	0.0000	0.0000	0.0000	0.0000	0.0000	1.0000	0	
RP11-775A1.2	-1	0.0000	0.0000	0.0000	0.0000	0.0000	0.0000	0.0000	0.0000	1.0000	0	
RP11-79C23.1	-1	0.0000	0.0000	0.0000	0.0000	0.0000	0.0000	0.0000	0.0000	1.0000	0	
RP11-958N24.2	-1	0.0000	0.0000	0.0000	0.0000	0.0000	0.0000	0.0000	0.0000	1.0000	0	
RP4-592A1.2	-1	0.0000	0.0000	0.0000	0.0000	0.0000	0.0000	0.0000	0.0000	1.0000	0	
RP4-764D2.1	-1	0.0000	0.0000	0.0000	0.0000	0.0000	0.0000	0.0000	0.0000	1.0000	0	
RP5-854E16.2	-1	0.0000	0.0000	0.0000	0.0000	0.0000	0.0000	0.0000	0.0000	1.0000	0	
RPH3AL	9501	0.0000	0.0000	0.0000	0.0000	0.0000	0.0000	0.0000	0.0000	1.0000	0	
RPL23AP6	128709	0.0000	0.0000	0.0000	0.0000	0.0000	0.0000	0.0000	0.0000	1.0000	0	
RPL23AP96	392181	0.0000	0.0000	0.0000	0.0000	0.0000	0.0000	0.0000	0.0000	1.0000	0	
RPL3L	6123	0.0000	0.0000	0.0000	0.0000	0.0000	0.0000	0.0000	0.0000	1.0000	0	
RPL3P7	642741	0.0000	0.0000	0.0000	0.0000	0.0000	0.0000	0.0000	0.0000	1.0000	0	
RPL7P8	441896	0.0000	0.0000	0.0000	0.0000	0.0000	0.0000	0.0000	0.0000	1.0000	0	
RPS4XP13	390183	0.0000	0.0000	0.0000	0.0000	0.0000	0.0000	0.0000	0.0000	1.0000	0	
RPS6KA1	6195	0.0000	0.0000	0.0000	0.0000	0.0000	0.0000	0.0000	0.0000	1.0000	0	
RPSAP33	647158	0.0000	0.0000	0.0000	0.0000	0.0000	0.0000	0.0000	0.0000	1.0000	0	
RPSAP38	100130676	0.0000	0.0000	0.0000	0.0000	0.0000	0.0000	0.0000	0.0000	1.0000	0	
RPSAP47	389672	0.0000	0.0000	0.0000	0.0000	0.0000	0.0000	0.0000	0.0000	1.0000	0	
RRM1	6240	0.0000	0.0000	0.0000	0.0000	0.0000	0.0000	0.0000	0.0000	1.0000	0	
RRP12	23223	0.0000	0.0000	0.0000	0.0000	0.0000	0.0000	0.0000	0.0000	1.0000	0	
RSL24D1P3	100130721	0.0000	0.0000	0.0000	0.0000	0.0000	0.0000	0.0000	0.0000	1.0000	0	
RTF1	23168	0.0000	0.0000	0.0000	0.0000	0.0000	0.0000	0.0000	0.0000	1.0000	0	
RTKN	6242	0.0000	0.0000	0.0000	0.0000	0.0000	0.0000	0.0000	0.0000	1.0000	0	
RUNDC3B	154661	0.0000	0.0000	0.0000	0.0000	0.0000	0.0000	0.0000	0.0000	1.0000	0	
RUSC2	9853	0.0000	0.0000	0.0000	0.0000	0.0000	0.0000	0.0000	0.0000	1.0000	0	
SAA2	6289	0.0000	0.0000	0.0000	0.0000	0.0000	0.0000	0.0000	0.0000	1.0000	0	
SAFB2	9667	0.0000	0.0000	0.0000	0.0000	0.0000	0.0000	0.0000	0.0000	1.0000	0	
SARAF	51669	0.0000	0.0000	0.0000	0.0000	0.0000	0.0000	0.0000	0.0000	1.0000	0	
SBDSP1	155370	0.0000	0.0000	0.0000	0.0000	0.0000	0.0000	0.0000	0.0000	1.0000	0	
SBNO1	55206	0.0000	0.0000	0.0000	0.0000	0.0000	0.0000	0.0000	0.0000	1.0000	0	
SCRIB	23513	0.0000	0.0000	0.0000	0.0000	0.0000	0.0000	0.0000	0.0000	1.0000	0	
SEPT2	4735	0.0000	0.0000	0.0000	0.0000	0.0000	0.0000	0.0000	0.0000	1.0000	0	
SEZ6L	23544	0.0000	0.0000	0.0000	0.0000	0.0000	0.0000	0.0000	0.0000	1.0000	0	
SH3GLB2	56904	0.0000	0.0000	0.0000	0.0000	0.0000	0.0000	0.0000	0.0000	1.0000	0	
SIGLEC11	114132	0.0000	0.0000	0.0000	0.0000	0.0000	0.0000	0.0000	0.0000	1.0000	0	
SIGLEC5	8778	0.0000	0.0000	0.0000	0.0000	0.0000	0.0000	0.0000	0.0000	1.0000	0	
SIGLEC8	27181	0.0000	0.0000	0.0000	0.0000	0.0000	0.0000	0.0000	0.0000	1.0000	0	
SIPA1	6494	0.0000	0.0000	0.0000	0.0000	0.0000	0.0000	0.0000	0.0000	1.0000	0	
SLC1A7	6512	0.0000	0.0000	0.0000	0.0000	0.0000	0.0000	0.0000	0.0000	1.0000	0	
SLC20A1P3	646052	0.0000	0.0000	0.0000	0.0000	0.0000	0.0000	0.0000	0.0000	1.0000	0	
SLC25A15P4	100422636	0.0000	0.0000	0.0000	0.0000	0.0000	0.0000	0.0000	0.0000	1.0000	0	
SLC25A15P5	100422642	0.0000	0.0000	0.0000	0.0000	0.0000	0.0000	0.0000	0.0000	1.0000	0	
SLC2A3	6515	0.0000	0.0000	0.0000	0.0000	0.0000	0.0000	0.0000	0.0000	1.0000	0	
SLC37A3	84255	0.0000	0.0000	0.0000	0.0000	0.0000	0.0000	0.0000	0.0000	1.0000	0	
SLC7A14	57709	0.0000	0.0000	0.0000	0.0000	0.0000	0.0000	0.0000	0.0000	0.5000	0	
SLC9B1P2	389000	0.0000	0.0000	0.0000	0.0000	0.0000	0.0000	0.0000	0.0000	1.0000	0	
SLC9B1P4	644768	0.0000	0.0000	0.0000	0.0000	0.0000	0.0000	0.0000	0.0000	1.0000	0	
SLFN13	146857	0.0000	0.0000	0.0000	0.0000	0.0000	0.0000	0.0000	0.0000	1.0000	0	
SMC6	79677	0.0000	0.0000	0.0000	0.0000	0.0000	0.0000	0.0000	0.0000	1.0000	0	
SMG1P3	100271836	0.0000	0.0000	0.0000	0.0000	0.0000	0.0000	0.0000	0.0000	1.0000	0	
SMU1	55234	0.0000	0.0000	0.0000	0.0000	0.0000	0.0000	0.0000	0.0000	1.0000	0	
SMURF1	57154	0.0000	0.0000	0.0000	0.0000	0.0000	0.0000	0.0000	0.0000	1.0000	0	
SNX21	90203	0.0000	0.0000	0.0000	0.0000	0.0000	0.0000	0.0000	0.0000	1.0000	0	
SNX24	28966	0.0000	0.0000	0.0000	0.0000	0.0000	0.0000	0.0000	0.0000	1.0000	0	
SNX9	51429	0.0000	0.0000	0.0000	0.0000	0.0000	0.0000	0.0000	0.0000	1.0000	0	
SORCS2	57537	0.0000	0.0000	0.0000	0.0000	0.0000	0.0000	0.0000	0.0000	1.0000	0	
SORD2P	653381	0.0000	0.0000	0.0000	0.0000	0.0000	0.0000	0.0000	0.0000	1.0000	0	
SPACA3	124912	0.0000	0.0000	0.0000	0.0000	0.0000	0.0000	0.0000	0.0000	1.0000	0	
SPAG4	6676	0.0000	0.0000	0.0000	0.0000	0.0000	0.0000	0.0000	0.0000	1.0000	0	
SPATA13	221178	0.0000	0.0000	0.0000	0.0000	0.0000	0.0000	0.0000	0.0000	1.0000	0	
SPECC1	92521	0.0000	0.0000	0.0000	0.0000	0.0000	0.0000	0.0000	0.0000	1.0000	0	
SPINK13	153218	0.0000	0.0000	0.0000	0.0000	0.0000	0.0000	0.0000	0.0000	1.0000	0	
SPPL3	121665	0.0000	0.0000	0.0000	0.0000	0.0000	0.0000	0.0000	0.0000	1.0000	0	
SPTBN5	51332	0.0000	0.0000	0.0000	0.0000	0.0000	0.0000	0.0000	0.0000	1.0000	0	
SQOR	58472	0.0000	0.0000	0.0000	0.0000	0.0000	0.0000	0.0000	0.0000	1.0000	0	
SRA1	10011	0.0000	0.0000	0.0000	0.0000	0.0000	0.0000	0.0000	0.0000	1.0000	0	
SRGAP1	57522	0.0000	0.0000	0.0000	0.0000	0.0000	0.0000	0.0000	0.0000	1.0000	0	
SRGAP2C	653464	0.0000	0.0000	0.0000	0.0000	0.0000	0.0000	0.0000	0.0000	1.0000	0	
SRSF1	6426	0.0000	0.0000	0.0000	0.0000	0.0000	0.0000	0.0000	0.0000	1.0000	0	
ST13	6767	0.0000	0.0000	0.0000	0.0000	0.0000	0.0000	0.0000	0.0000	1.0000	0	
ST5	6764	0.0000	0.0000	0.0000	0.0000	0.0000	0.0000	0.0000	0.0000	1.0000	0	
STC1	6781	0.0000	0.0000	0.0000	0.0000	0.0000	0.0000	0.0000	0.0000	1.0000	0	
STK31	56164	0.0000	0.0000	0.0000	0.0000	0.0000	0.0000	0.0000	0.0000	1.0000	0	
STK38	11329	0.0000	0.0000	0.0000	0.0000	0.0000	0.0000	0.0000	0.0000	1.0000	0	
SUGCT	79783	0.0000	0.0000	0.0000	0.0000	0.0000	0.0000	0.0000	0.0000	0.5000	0	
SUGP1	57794	0.0000	0.0000	0.0000	0.0000	0.0000	0.0000	0.0000	0.0000	1.0000	0	
SUN1	23353	0.0000	0.0000	0.0000	0.0000	0.0000	0.0000	0.0000	0.0000	1.0000	0	
SVILP1	645954	0.0000	0.0000	0.0000	0.0000	0.0000	0.0000	0.0000	0.0000	1.0000	0	
SYMPK	8189	0.0000	0.0000	0.0000	0.0000	0.0000	0.0000	0.0000	0.0000	1.0000	0	
SYNJ1	8867	0.0000	0.0000	0.0000	0.0000	0.0000	0.0000	0.0000	0.0000	0.5000	0	
SYT15	83849	0.0000	0.0000	0.0000	0.0000	0.0000	0.0000	0.0000	0.0000	1.0000	0	
SZT2	23334	0.0000	0.0000	0.0000	0.0000	0.0000	0.0000	0.0000	0.0000	0.5000	0	
TBC1D21	161514	0.0000	0.0000	0.0000	0.0000	0.0000	0.0000	0.0000	0.0000	1.0000	0	
TBC1D26	353149	0.0000	0.0000	0.0000	0.0000	0.0000	0.0000	0.0000	0.0000	1.0000	0	
TBC1D28	254272	0.0000	0.0000	0.0000	0.0000	0.0000	0.0000	0.0000	0.0000	1.0000	0	
TBC1D7	51256	0.0000	0.0000	0.0000	0.0000	0.0000	0.0000	0.0000	0.0000	0.5000	0	
TCF7L2	6934	0.0000	0.0000	0.0000	0.0000	0.0000	0.0000	0.0000	0.0000	1.0000	0	
TDG	6996	0.0000	0.0000	0.0000	0.0000	0.0000	0.0000	0.0000	0.0000	1.0000	0	
TDGP1	645233	0.0000	0.0000	0.0000	0.0000	0.0000	0.0000	0.0000	0.0000	1.0000	0	
TDO2	6999	0.0000	0.0000	0.0000	0.0000	0.0000	0.0000	0.0000	0.0000	0.5000	0	
TDRD10	126668	0.0000	0.0000	0.0000	0.0000	0.0000	0.0000	0.0000	0.0000	1.0000	0	
TEKT4P2	100132288	0.0000	0.0000	0.0000	0.0000	0.0000	0.0000	0.0000	0.0000	1.0000	0	
TEKT5	146279	0.0000	0.0000	0.0000	0.0000	0.0000	0.0000	0.0000	0.0000	1.0000	0	
TFDP2	7029	0.0000	0.0000	0.0000	0.0000	0.0000	0.0000	0.0000	0.0000	1.0000	0	
TFIP11	24144	0.0000	0.0000	0.0000	0.0000	0.0000	0.0000	0.0000	0.0000	1.0000	0	
THAP4	51078	0.0000	0.0000	0.0000	0.0000	0.0000	0.0000	0.0000	0.0000	1.0000	0	
THBS4	7060	0.0000	0.0000	0.0000	0.0000	0.0000	0.0000	0.0000	0.0000	1.0000	0	
TIMM21	29090	0.0000	0.0000	0.0000	0.0000	0.0000	0.0000	0.0000	0.0000	1.0000	0	
TJP3	27134	0.0000	0.0000	0.0000	0.0000	0.0000	0.0000	0.0000	0.0000	1.0000	0	
TLN2	83660	0.0000	0.0000	0.0000	0.0000	0.0000	0.0000	0.0000	0.0000	1.0000	0	
TM9SF4	9777	0.0000	0.0000	0.0000	0.0000	0.0000	0.0000	0.0000	0.0000	1.0000	0	
TMC2	117532	0.0000	0.0000	0.0000	0.0000	0.0000	0.0000	0.0000	0.0000	1.0000	0	
TMEM131L	23240	0.0000	0.0000	0.0000	0.0000	0.0000	0.0000	0.0000	0.0000	1.0000	0	
TMEM135	65084	0.0000	0.0000	0.0000	0.0000	0.0000	0.0000	0.0000	0.0000	1.0000	0	
TMEM242	729515	0.0000	0.0000	0.0000	0.0000	0.0000	0.0000	0.0000	0.0000	1.0000	0	
TMX1	81542	0.0000	0.0000	0.0000	0.0000	0.0000	0.0000	0.0000	0.0000	1.0000	0	
TNIK	23043	0.0000	0.0000	0.0000	0.0000	0.0000	0.0000	0.0000	0.0000	0.5000	0	
TNKS2	80351	0.0000	0.0000	0.0000	0.0000	0.0000	0.0000	0.0000	0.0000	1.0000	0	
TNPO1	3842	0.0000	0.0000	0.0000	0.0000	0.0000	0.0000	0.0000	0.0000	1.0000	0	
TNRC6C	57690	0.0000	0.0000	0.0000	0.0000	0.0000	0.0000	0.0000	0.0000	1.0000	0	
TRAPPC13	80006	0.0000	0.0000	0.0000	0.0000	0.0000	0.0000	0.0000	0.0000	1.0000	0	
TRGC2	6967	0.0000	0.0000	0.0000	0.0000	0.0000	0.0000	0.0000	0.0000	1.0000	0	
TRIM3	10612	0.0000	0.0000	0.0000	0.0000	0.0000	0.0000	0.0000	0.0000	1.0000	0	
TRRAP	8295	0.0000	0.0000	0.0000	0.0000	0.0000	0.0000	0.0000	0.0000	1.0000	0	
TTC16	158248	0.0000	0.0000	0.0000	0.0000	0.0000	0.0000	0.0000	0.0000	1.0000	0	
TTC3	7267	0.0000	0.0000	0.0000	0.0000	0.0000	0.0000	0.0000	0.0000	1.0000	0	
TTC34	100287898	0.0000	0.0000	0.0000	0.0000	0.0000	0.0000	0.0000	0.0000	1.0000	0	
TUBB7P	56604	0.0000	0.0000	0.0000	0.0000	0.0000	0.0000	0.0000	0.0000	1.0000	0	
TUBB8P10	391171	0.0000	0.0000	0.0000	0.0000	0.0000	0.0000	0.0000	0.0000	1.0000	0	
TUBBP5	643224	0.0000	0.0000	0.0000	0.0000	0.0000	0.0000	0.0000	0.0000	1.0000	0	
TXNDC2	84203	0.0000	0.0000	0.0000	0.0000	0.0000	0.0000	0.0000	0.0000	1.0000	0	
UBE3C	9690	0.0000	0.0000	0.0000	0.0000	0.0000	0.0000	0.0000	0.0000	1.0000	0	
UCKL1	54963	0.0000	0.0000	0.0000	0.0000	0.0000	0.0000	0.0000	0.0000	1.0000	0	
UGT2B25P	54571	0.0000	0.0000	0.0000	0.0000	0.0000	0.0000	0.0000	0.0000	1.0000	0	
UGT3A1	133688	0.0000	0.0000	0.0000	0.0000	0.0000	0.0000	0.0000	0.0000	1.0000	0	
UNKL	64718	0.0000	0.0000	0.0000	0.0000	0.0000	0.0000	0.0000	0.0000	1.0000	0	
USP13	8975	0.0000	0.0000	0.0000	0.0000	0.0000	0.0000	0.0000	0.0000	1.0000	0	
USP32	84669	0.0000	0.0000	0.0000	0.0000	0.0000	0.0000	0.0000	0.0000	1.0000	0	
USP34	9736	0.0000	0.0000	0.0000	0.0000	0.0000	0.0000	0.0000	0.0000	1.0000	0	
USP53	54532	0.0000	0.0000	0.0000	0.0000	0.0000	0.0000	0.0000	0.0000	1.0000	0	
USP6	9098	0.0000	0.0000	0.0000	0.0000	0.0000	0.0000	0.0000	0.0000	1.0000	0	
VARS2	57176	0.0000	0.0000	0.0000	0.0000	0.0000	0.0000	0.0000	0.0000	0.5000	0	
VN1R7P	100132759	0.0000	0.0000	0.0000	0.0000	0.0000	0.0000	0.0000	0.0000	1.0000	0	
VPS18	57617	0.0000	0.0000	0.0000	0.0000	0.0000	0.0000	0.0000	0.0000	1.0000	0	
VPS41	27072	0.0000	0.0000	0.0000	0.0000	0.0000	0.0000	0.0000	0.0000	1.0000	0	
VPS52	6293	0.0000	0.0000	0.0000	0.0000	0.0000	0.0000	0.0000	0.0000	1.0000	0	
VWA5A	4013	0.0000	0.0000	0.0000	0.0000	0.0000	0.0000	0.0000	0.0000	1.0000	0	
WASF2	10163	0.0000	0.0000	0.0000	0.0000	0.0000	0.0000	0.0000	0.0000	1.0000	0	
WASL	8976	0.0000	0.0000	0.0000	0.0000	0.0000	0.0000	0.0000	0.0000	1.0000	0	
WDR5	11091	0.0000	0.0000	0.0000	0.0000	0.0000	0.0000	0.0000	0.0000	1.0000	0	
XCL1	6375	0.0000	0.0000	0.0000	0.0000	0.0000	0.0000	0.0000	0.0000	1.0000	0	
XRCC6	2547	0.0000	0.0000	0.0000	0.0000	0.0000	0.0000	0.0000	0.0000	1.0000	0	
XXbac-B33L19.10	-1	0.0000	0.0000	0.0000	0.0000	0.0000	0.0000	0.0000	0.0000	1.0000	0	
YME1L1	10730	0.0000	0.0000	0.0000	0.0000	0.0000	0.0000	0.0000	0.0000	0.5000	0	
YWHAZP4	246737	0.0000	0.0000	0.0000	0.0000	0.0000	0.0000	0.0000	0.0000	1.0000	0	
ZCCHC4	29063	0.0000	0.0000	0.0000	0.0000	0.0000	0.0000	0.0000	0.0000	1.0000	0	
ZDHHC20	253832	0.0000	0.0000	0.0000	0.0000	0.0000	0.0000	0.0000	0.0000	1.0000	0	
ZDHHC6	64429	0.0000	0.0000	0.0000	0.0000	0.0000	0.0000	0.0000	0.0000	1.0000	0	
ZFAT	57623	0.0000	0.0000	0.0000	0.0000	0.0000	0.0000	0.0000	0.0000	1.0000	0	
ZFP91	80829	0.0000	0.0000	0.0000	0.0000	0.0000	0.0000	0.0000	0.0000	1.0000	0	
ZKSCAN7	55888	0.0000	0.0000	0.0000	0.0000	0.0000	0.0000	0.0000	0.0000	1.0000	0	
ZMYND15	84225	0.0000	0.0000	0.0000	0.0000	0.0000	0.0000	0.0000	0.0000	0.5000	0	
ZMYND19	116225	0.0000	0.0000	0.0000	0.0000	0.0000	0.0000	0.0000	0.0000	1.0000	0	
ZNF101	94039	0.0000	0.0000	0.0000	0.0000	0.0000	0.0000	0.0000	0.0000	1.0000	0	
ZNF267	10308	0.0000	0.0000	0.0000	0.0000	0.0000	0.0000	0.0000	0.0000	1.0000	0	
ZNF595	152687	0.0000	0.0000	0.0000	0.0000	0.0000	0.0000	0.0000	0.0000	1.0000	0	
ZNF677	342926	0.0000	0.0000	0.0000	0.0000	0.0000	0.0000	0.0000	0.0000	1.0000	0	
ZNF709	-1	0.0000	0.0000	0.0000	0.0000	0.0000	0.0000	0.0000	0.0000	1.0000	0	
ZNF737	100129842	0.0000	0.0000	0.0000	0.0000	0.0000	0.0000	0.0000	0.0000	1.0000	0	
ZNF738	148203	0.0000	0.0000	0.0000	0.0000	0.0000	0.0000	0.0000	0.0000	1.0000	0	
ZNF808	388558	0.0000	0.0000	0.0000	0.0000	0.0000	0.0000	0.0000	0.0000	1.0000	0	
ZNF90	7643	0.0000	0.0000	0.0000	0.0000	0.0000	0.0000	0.0000	0.0000	1.0000	0	
ZNFX1	57169	0.0000	0.0000	0.0000	0.0000	0.0000	0.0000	0.0000	0.0000	1.0000	0	
ZNRF2P2	100271874	0.0000	0.0000	0.0000	0.0000	0.0000	0.0000	0.0000	0.0000	1.0000	0	
ZSWIM5P1	100130110	0.0000	0.0000	0.0000	0.0000	0.0000	0.0000	0.0000	0.0000	1.0000	0	
ZZZ3	26009	0.0000	0.0000	0.0000	0.0000	0.0000	0.0000	0.0000	0.0000	1.0000	0	
